<?xml version="1.0" encoding="utf-8"?>
<COLLADA xmlns="http://www.collada.org/2005/11/COLLADASchema" version="1.4.1" xmlns:xsi="http://www.w3.org/2001/XMLSchema-instance">
  <asset>
    <contributor>
      <author>Blender User</author>
      <authoring_tool>Blender 3.0.1</authoring_tool>
    </contributor>
    <created>2026-09-13T13:14:18</created>
    <modified>2026-09-13T13:14:18</modified>
    <unit name="meter" meter="1"/>
    <up_axis>Z_UP</up_axis>
  </asset>
  <library_images/>
  <library_geometries>
    <geometry id="tripo_node_48ce4f5f-12b3-4402-af7b-9fb9ba8c00c5-mesh" name="tripo_node_48ce4f5f-12b3-4402-af7b-9fb9ba8c00c5">
      <mesh>
        <source id="tripo_node_48ce4f5f-12b3-4402-af7b-9fb9ba8c00c5-mesh-positions">
          <float_array id="tripo_node_48ce4f5f-12b3-4402-af7b-9fb9ba8c00c5-mesh-positions-array" count="2817">-0.4760367 0.8503557 -0.04496318 -0.4756498 0.851904 -0.02437025 -0.476401 0.8331261 -0.02555096 -0.4761264 0.8331981 -0.04368364 -0.4757991 0.8574215 -0.04592907 -0.4743056 0.8991037 -0.02602207 -0.4755765 0.867489 -0.0249229 -0.4760525 0.8686058 -0.04251426 -0.4748723 0.8875826 -0.04257273 -0.4761558 0.8078336 -0.03476637 -0.4756575 0.7770078 0.004492878 -0.4639968 0.8051981 -0.08933281 -0.4633286 0.8516493 -0.004783213 -0.4729353 0.8995534 -0.08798623 -0.47476 0.8515806 -0.08955132 -0.4755806 0.8041667 -0.08960527 -0.4751449 0.803135 0.08668804 -0.4689241 0.773136 0.004867076 -0.4716815 0.77241 -0.006148159 -0.468046 0.7605665 -0.004406154 -0.4639057 0.8515207 0.08680629 -0.4639101 0.8051707 0.08691275 -0.4651995 0.8958966 -6.85415e-6 -0.4746197 0.8517136 0.0869162 -0.4686889 0.8995425 0.08745712 -0.463625 0.8528218 -0.003899157 -0.4661263 0.9008745 -0.08872938 -0.4645768 0.8516156 -0.08948189 -0.400103 0.7178379 -0.01091921 -0.40625 0.8516304 -0.00421518 -0.4204178 0.8545958 -0.00244677 -0.387025 0.8539736 -0.004513978 -0.3860051 0.8534457 -0.004489302 -0.3862725 0.8539493 -0.004463434 -0.3856422 0.8538357 -0.00456959 -0.3735798 0.8536559 -4.37737e-5 -0.3525314 0.8519543 -0.00405544 -0.4586291 0.8552618 -2.3375e-4 -0.4651212 0.8956263 -0.004400849 -0.3700388 0.8952484 -0.00987178 -0.4332692 0.8546957 -0.005494594 -0.349479 0.8545753 -0.006418824 -0.4635316 0.8521875 0.002266943 -0.4658158 0.7744736 -0.008537352 -0.3316524 0.7385225 -0.01928061 -0.3313269 0.8010385 -0.0125581 -0.3783659 0.6646428 0.006082355 -0.4147927 0.710187 -0.008882582 -0.3314701 0.8013613 0.01053529 -0.4634259 0.7834372 0.006065309 -0.4086008 0.8521723 0.001644492 -0.40863 0.852142 0.001619994 -0.407623 0.852173 0.001639962 -0.407623 0.852173 0.001639962 -0.4064629 0.8521085 0.001569986 -0.4063048 0.8521203 0.001664996 -0.4056108 0.8521115 0.001544952 -0.402894 0.8520863 0.001546621 -0.404266 0.852142 0.001526951 -0.4029327 0.8520889 0.001577258 -0.401611 0.852081 0.001604974 -0.3803421 0.8519473 0.001179873 -0.3809282 0.8517895 0.001125574 -0.3611816 0.6423876 -0.003352403 -0.2439464 0.5006474 0.004211127 -0.2881801 0.5774646 0.01855415 -0.3302997 0.6589295 -0.02277392 -0.3317975 0.6929641 0.0210089 -0.3326981 0.6572717 0.0200935 -0.352722 0.851959 0.001127958 -0.3520557 0.8519126 0.001042187 -0.3048187 0.5888629 -0.01448792 -0.3006603 0.623232 -0.01806229 -0.2694917 0.894505 -0.02766287 -0.2692309 0.8530125 -0.01806688 -0.2781366 0.8514866 8.32436e-4 -0.3185579 0.8519389 -0.003555297 -0.2536773 0.6583738 0.02568912 -0.2759217 0.8228978 0.007344841 -0.252846 0.8013963 0.01148456 -0.2813578 0.7928846 0.01464271 -0.3275559 0.8521645 -0.003607094 -0.2788956 0.827175 -0.007961392 -0.2794122 0.8556016 1.84074e-4 -0.2530622 0.8014732 -0.01363396 -0.2534636 0.6828645 -0.02618038 -0.2305688 0.6585485 0.02419984 -0.2779281 0.8513073 -0.002883076 -0.2951924 0.8523232 -0.003734052 -0.08844166 0.6585618 -0.02436953 -0.2305915 0.6586629 -0.02604281 -0.2531373 0.6587029 -0.02570807 -0.08889704 0.8015403 -0.01347446 -0.2856885 0.8518962 -0.003506839 -0.2858501 0.8518111 -0.003253817 -0.2540311 0.5762599 -0.02579951 -0.1796544 0.4435166 -0.01647025 -0.2778563 0.8376346 0.001904726 -0.2701752 0.8370008 0.002503573 -0.2700325 0.851383 8.95826e-4 -0.276946 0.8375277 0.004322707 -0.2436966 0.8294692 0.006108045 -0.2423093 0.8509353 0.001364827 -0.2427281 0.8546953 -1.89763e-4 -0.2698013 0.8548198 -2.32659e-4 -0.2701475 0.8541857 -0.002367854 -0.2621566 0.8520097 -0.003144025 -0.2638899 0.8517795 -0.003225326 -0.269867 0.8507372 -0.003287911 -0.2787459 0.8813802 -0.001364111 -0.2691308 0.8817871 0.001213908 -0.2729974 0.8376674 -0.006513953 -0.2634887 0.8523344 -0.003979742 -0.2652783 0.8523417 -0.003921031 -0.2630783 0.8518999 -0.003525018 -0.2426759 0.8414236 -0.00568813 -0.1664879 0.60457 -0.02885746 -0.1496246 0.5928416 -0.02934634 -0.2607862 0.8531118 -0.01642388 -0.261174 0.8945088 -0.02782827 -0.1692928 0.8546894 -0.004130661 -0.2424496 0.8530523 -0.003494739 -0.2282363 0.7835898 -0.01705968 -0.2468882 0.4551313 -1.78134e-5 -0.2474865 0.5051562 0.002434015 -0.2465429 0.5056129 -9.51856e-4 -0.2337642 0.830487 0.006007134 -0.2353647 0.8372441 0.003510534 -0.2412648 0.8372301 0.003495573 -0.2387659 0.8830158 -0.001471877 -0.2407234 0.8316743 -0.007648348 -0.2302599 0.8019364 -0.01303005 -0.2341682 0.8535319 -0.003263711 -0.2337445 0.8369554 -0.006132006 -0.2307285 0.8005031 0.01163244 -0.2340241 0.851764 8.50634e-4 -0.2341505 0.8550179 -1.0891e-4 -0.2414973 0.5723395 0.02679538 -0.1991875 0.8516749 1.36657e-4 -0.1967859 0.8517411 1.31516e-4 -0.1680316 0.5069058 -0.0297839 -0.1677637 0.5288909 -0.03203326 -0.197813 0.851893 1.42334e-4 -0.2205042 0.8522201 0.001006662 -0.219681 0.852234 9.84e-4 -0.1464437 0.3829337 -0.001991927 -0.1650166 0.6071578 0.02726674 -0.1766262 0.8946539 -0.01461231 -0.08252233 0.8540518 -0.008309543 -0.1970636 0.8522408 6.10232e-4 -0.1429983 0.4127746 0.02201801 -0.1936033 0.8520469 4.59951e-4 -0.08912068 0.6259688 0.02217024 -0.08868145 0.5053789 -0.03119933 -0.08886188 0.5319644 -0.031569 -0.1194202 0.3519949 0.00783807 -0.179113 0.8519902 -2.29283e-4 -0.1905422 0.851877 8.89933e-5 -0.1845644 0.8519241 -7.21455e-5 -0.1845707 0.8517453 5.40351e-5 -0.0885449 0.6581571 0.02060604 -0.1662424 0.8516618 -3.58189e-4 -0.1717934 0.8517619 -1.62622e-4 -0.1861503 0.8023878 0.008021354 -0.1789718 0.8518227 3.74823e-5 -0.1173315 0.8507599 -4.15421e-4 -0.1165282 0.8519753 -2.49955e-4 -0.1161568 0.8519042 -3.62743e-4 -0.1157866 0.8518491 -5.59968e-4 -0.09056419 0.8512172 -1.2184e-4 -0.08857983 0.800697 0.007439255 -0.1570048 0.5934714 -0.02935588 -0.16802 0.6285617 -0.02603387 -0.1682766 0.5059586 0.02867317 -0.1458465 0.5142698 0.03132706 -0.08860206 0.5057457 0.03076821 -0.08892339 0.7771669 -0.01659035 -0.1717252 0.8953103 -0.01038998 -0.178896 0.8521387 3.40813e-4 -0.1760214 0.8523516 5.63011e-4 -0.1304915 0.8523219 -4.07168e-5 -0.1678786 0.8518171 -1.7554e-4 -0.1468338 0.8521156 -2.53433e-4 -0.1300989 0.8518477 -5.67945e-4 -0.1208217 0.8522162 -2.2294e-4 -0.1670284 0.6272187 0.02419388 -0.08854061 0.6857973 0.01775926 -0.1588129 0.596268 -0.02919197 -0.1026382 0.6741695 0.02076578 -0.1128851 0.8520604 -6.31653e-4 -0.08858275 0.6288082 -0.02486115 -0.09437006 0.6065772 -0.02817225 -0.0775417 0.4039598 -0.02932602 -0.09513241 0.3792421 -0.0245772 -0.08138972 0.8953219 -0.01140081 -0.04090595 0.2883983 -0.02342283 -0.1132193 0.8518612 -4.23047e-4 -0.08174228 0.854009 -0.004858195 -0.09457021 0.3794189 -0.02469885 -0.1028395 0.8520165 -5.26305e-4 -0.0454986 0.7093942 0.01612359 -0.09684616 0.8522538 -5.47992e-5 -0.1007998 0.8520751 -3.5589e-4 -0.09895896 0.8520478 -5.37065e-4 -0.09579485 0.8525737 -2.91512e-5 -0.07914686 0.8556033 -0.002541005 -0.1063573 0.9580603 -0.003795266 -0.07616859 0.9605612 0.008805096 -0.07710838 0.9601386 -0.0145449 -0.03686213 0.3284515 0.02864348 -0.04586714 0.2503985 9.81391e-4 -0.009970903 0.969034 -0.01244437 -0.01066255 0.9688674 0.007486224 -0.006628692 0.9559642 -0.01046264 -4.80358e-4 0.9793382 -0.003038406 0.009740948 0.9695135 0.007070422 -0.07933068 0.8524683 -2.80951e-4 -0.08305752 0.8520607 -3.52422e-4 -0.08765298 0.8523226 -1.34374e-4 -0.04000419 0.5887134 -0.02664768 -0.02981847 0.7816417 -0.04148215 -0.04298162 0.2850239 0.02068626 -0.03397673 0.4299071 0.03206932 -0.04663288 0.2585256 -0.005746185 -0.03472077 0.3497099 -0.03143626 -0.04701012 0.8542314 0.006532371 -0.05562996 0.8498479 0.002093136 -0.04526972 0.7671848 -0.01642471 -0.07956969 0.9552838 -0.00260955 -0.05550754 0.8512532 -0.007192969 -0.03844237 0.852267 -0.05285984 -0.03487586 0.8363375 -0.04466497 -0.02001059 0.4369907 0.04405164 -0.03052234 0.760577 0.04084324 -0.05436873 0.9114761 -0.01256775 -0.05063539 0.9130071 0.01287555 -0.05118745 0.8957848 -0.01261681 -0.05029511 0.9001019 0.01246732 -0.04978173 0.8884124 0.01386851 -0.05917733 0.8577767 0.02286523 -0.04876798 0.8707244 0.01235544 -0.05799978 0.8744738 0.00488615 -0.05495506 0.8725454 -0.01589137 -0.05857872 0.8977211 -0.01816606 -0.04998004 0.8633046 0.004026234 -0.02111941 0.5874152 0.04647105 -0.05153304 0.8858957 -0.008597493 -0.04702138 0.8597846 0.02792418 -0.04157316 0.9150622 -0.02273839 -0.04729783 0.8595743 -0.02284342 -0.03416031 0.8842388 -0.02336668 -0.03041416 0.8288317 0.04781836 -0.05010908 0.8560392 0.02212369 -0.01202881 0.858199 0.0359252 -0.01114487 0.8559343 0.04130202 -0.01558429 0.8475294 0.04210472 -0.04789292 0.9285134 0.01329416 -0.05012917 0.9260557 -0.02156132 -0.03740227 0.9029431 0.0132333 -0.03063058 0.9197483 0.01469504 -0.01674091 0.9290443 0.01320195 -0.04136347 0.8617212 0.0130431 -0.04544013 0.8580834 0.01187252 -0.04606926 0.8584063 0.01238709 -0.04647052 0.8580963 0.0128206 -0.046413 0.858154 0.01431697 -0.046413 0.858154 0.01431596 -0.04643082 0.8581506 0.01460093 -0.04987376 0.8941508 0.02991187 -0.01483541 0.8950266 0.02493667 -0.02516418 0.8868972 0.02910792 -0.03898006 0.8524215 0.0482794 -0.03606724 0.8351924 0.04248803 -0.03374344 0.9009557 0.01270693 -0.03464436 0.9007538 0.01347613 -0.02890282 0.9078197 0.01404464 -0.03022217 0.9009139 0.01313155 -0.02514499 0.887329 0.02464097 -0.03092402 0.8849741 0.01488953 -0.0461443 0.8882188 0.01982909 -0.0310654 0.9004946 0.01295715 -0.02926087 0.9006977 0.01324999 -0.04485356 0.8583152 0.01167643 -0.04518705 0.8580492 0.01208359 -0.03603357 0.240417 -0.03037756 -0.04702156 0.231016 0.001617848 -0.03988045 0.2319915 -0.0259028 -0.04041326 0.2334875 -0.01463794 -0.03721249 0.2327001 -0.0290414 -0.03387665 0.2489175 -0.03360569 -0.03164541 0.9174649 -0.0262773 -0.02449405 0.9264243 -0.02317142 -0.04269307 0.2405011 0.01052981 -0.04152905 0.05559611 -0.003668189 -0.03977876 0.07237654 -0.02276331 -0.04617685 0.07208007 0.002899646 -0.02304172 0.07022744 -0.0395106 -0.0205692 0.8823882 0.01519072 -0.04480469 0.2380785 -0.003503561 -0.03806585 0.2489857 0.02849388 -0.03774225 0.2403676 0.02165895 -0.03303337 0.2403864 0.03264123 -0.01849412 0.2400856 0.04370647 -0.03832054 0.23357 0.020298 -0.03242272 0.23204 0.03364682 -0.03855592 0.04170024 0.01012283 -0.03590571 0.8519424 -0.04808884 0.03168672 0.8363544 0.04456257 -0.02901721 0.02016347 -0.01014244 -0.02754122 0.5874731 -0.04124534 -0.04149729 0.8986098 0.01380175 -0.02335339 0.8946726 0.01925182 -0.04158127 0.05568671 -0.003211677 -0.02014011 0.922264 -0.02592378 -0.01576215 0.9293968 -0.02212822 -0.01717174 0.9187783 -0.02171105 -0.02136647 0.920235 -0.05683243 -0.02483147 0.8875491 0.01198959 -0.02891463 0.9046279 0.01129013 -0.0335561 0.9103223 -0.02280294 -0.006856799 -1.35231e-4 -0.008253276 -0.003744125 0.03181785 -0.0362243 0.009323179 0.2427722 0.04570233 -0.008657395 0.2401802 0.03944706 -0.02802985 0.8904876 -0.02224946 -0.03018987 0.8618555 -0.02296268 -0.02502369 0.8973188 -0.02175509 -0.02490729 0.9005557 -0.02177965 -0.01095533 0.8605505 -0.02106356 -0.02687323 0.8749319 -0.02195185 -0.02705109 0.8742964 -0.02187538 -0.02836018 0.8751844 -0.02174472 -0.02244025 0.8599048 -0.02223646 -0.01438301 0.897105 0.01576244 -0.03074973 0.8746722 0.01505726 -0.03047645 0.8783656 0.03296399 -0.0217638 0.8696014 0.01504355 -0.01109594 0.8362465 0.01840096 -0.02298456 0.8601176 0.01256674 -0.003994703 0.8600118 0.02262002 0.009839355 0.8668099 0.01455503 0.008925497 0.8364517 0.01804828 -0.01701015 0.3993029 -0.04604953 -0.02142167 0.2496243 0.04249119 -0.02238517 0.8934689 -0.02185082 -0.02294659 0.8708558 0.03315365 -0.02998447 0.9120935 -0.0214771 -0.02855706 0.9088804 -0.02229714 -0.02122479 0.9193715 0.03250461 -0.02811408 0.9129146 0.03262263 -0.02012819 0.9094697 0.02236801 -0.02796012 0.9013515 0.01321512 -0.03041136 0.9059707 -0.0216161 -0.0298177 0.9024114 -0.02172917 -0.02989405 0.9062942 -0.02174764 -0.03010958 0.9067953 -0.02172058 -0.02783358 0.908272 -0.02192759 -0.02703344 0.9143167 -0.02138215 -0.02518409 0.9017021 -0.02155113 -0.01815795 0.9162865 -0.02166086 -0.02279806 0.9004281 -0.02166581 -0.02474069 0.901292 -0.02193582 -0.02989786 0.9075287 -0.02174854 -0.03017699 0.9066343 -0.02180421 -0.03013855 0.9075351 -0.02170956 -0.02162575 0.8784297 -0.05652087 -0.02327263 0.8889839 -0.0562942 -0.03063523 0.8818136 -0.05632358 -0.0285688 0.8776541 -0.02257704 -0.02163434 0.8764808 -0.02174633 -0.0288617 0.9141023 -0.05684292 -0.01903253 0.8799895 -0.02484303 -0.02226972 0.8893485 -0.02619493 -0.03159523 0.0903325 0.03311032 -0.01175189 0.05469918 0.04171192 0.02117925 0.08946132 0.04120373 -0.01927489 0.9193245 0.01471507 0.0209943 0.5876196 0.04601317 -0.0301091 0.9054818 -0.02177083 -0.02969497 0.9046676 -0.02206349 -0.02765905 0.9026006 0.01271057 -0.02563112 0.907492 0.01191204 -0.01635521 0.9125785 0.0102384 -0.01861995 0.9134708 -0.02199679 -0.02102059 0.9112268 -0.02272826 -0.02241164 0.9004709 -0.02186924 -0.02757394 0.9104638 -0.02372837 -0.02364397 0.9084129 -0.0223872 -0.01280069 0.888041 0.01093459 -0.0184468 0.2325689 -0.04347842 -0.02703803 0.2340523 -0.03301084 0.04085725 0.08662056 0.02035713 0.03210276 0.03190982 0.0159654 0.004757821 0.005454421 0.01672148 -0.02006012 0.01472854 0.01561123 0.01256966 0.03661572 0.03501468 0.01761186 0.006559312 -0.01013416 -0.01974749 0.8792209 0.03330588 -0.01203346 0.8599241 0.0153104 -0.01396429 0.8904373 0.01367509 -0.02759325 0.8890582 -0.02170628 -0.01821285 0.8811147 -0.02187913 -0.01943546 0.9134812 0.01096343 -0.02104985 0.8894289 -0.02231383 5.79311e-4 0.4425026 0.04808533 -0.0123251 0.2326491 0.04464226 -0.02696889 0.9067512 0.01288563 -0.02649897 0.906982 0.01289695 -0.01855772 0.2404199 -0.04354125 0.01841282 0.2404452 -0.04411745 -0.02326494 0.900336 0.02780342 -0.02591437 0.9061515 0.01004332 -0.026398 0.905884 0.01019895 -0.02070605 0.91258 -0.02715438 -0.02534055 0.9067338 0.01002877 -0.02502596 0.907227 0.01015198 -0.02470701 0.8941531 -0.0217694 -0.02437639 0.8962934 -0.02200525 -0.01831609 0.4371658 -0.04487746 0.008586466 0.4102404 -0.04819482 0.004254162 0.4228319 -0.04777127 0.003318607 0.9013014 0.02024471 -0.005104839 0.8795066 0.01937276 -0.022583 0.9011988 -0.02167832 -0.01904773 0.8932552 -0.02173501 -0.02255916 0.891717 -0.02261471 -0.02121245 0.8906013 -0.02163553 -0.01158791 0.8840201 0.04071414 0.01106959 0.8991617 0.02449482 0.009341061 0.8837829 0.03798109 0.004942119 0.87652 0.04518765 -0.01067197 0.9367893 -0.01144152 -0.0109356 0.733518 -0.04902404 -0.01967895 0.9050596 -0.02134495 -0.01962941 0.9013463 -0.02397251 -0.01719188 0.9182547 -0.02134197 -0.0136829 0.9165289 -0.02257406 -0.0119701 0.9011217 -0.03097116 0.002245664 0.4400047 -0.04877841 -0.004709243 0.4096127 0.04754734 -0.0114538 0.9155676 0.01279431 -0.01716881 0.9100865 0.01348876 -0.01232028 0.8949649 -0.02166342 -0.007682919 0.9534133 0.001827299 -0.01501047 0.9470916 -0.01116597 -0.004650175 0.4186974 -0.04749566 -4.62486e-4 0.4182568 -0.03104621 -0.01370269 0.9288736 -0.03182566 -0.01768195 0.8849551 -0.02176398 -0.01743698 0.885773 -0.02178198 0.009904861 0.8331652 0.04876255 0.03638118 0.8513425 0.04915994 -1.43639e-4 0.9107756 0.01379734 -0.005827844 0.2486748 -0.04719436 -0.01649624 0.9151416 0.0101974 -0.01594495 0.914856 0.01057398 -6.80155e-4 0.8899396 -0.02496933 0.02683818 0.7741086 -0.04546129 0.03473269 0.8519828 -0.04844671 0.03831052 0.8523988 -0.05290102 -0.01272946 0.8794111 0.02632254 -0.00627011 0.875697 0.02418881 -0.01211267 0.8691553 0.04059255 0.02562522 0.2489184 -0.04062014 0.01984983 0.23369 0.04171806 0.02083069 0.2404575 0.03657621 0.02381438 0.2404742 0.03513401 0.02210998 0.240494 0.03591895 0.02278298 0.240509 0.03578895 0.02171695 0.240494 0.03595399 0.02210998 0.240494 0.03591895 0.02531671 0.2405536 0.03193223 0.03409552 0.2489583 0.03333246 -0.01317483 0.9475243 -0.03157877 -3.46357e-4 0.951952 -0.03541284 -0.004349112 0.9469091 -0.01743644 0.004836618 0.4173893 0.04669368 -0.003423869 0.4222541 0.04696476 3.81036e-5 0.4173181 0.03049206 -0.002829492 0.912717 -0.02490967 0.03225082 0.7852204 0.03917795 0.05319756 0.8283603 0.005892157 0.01909798 0.9133185 0.01620203 0.008329153 0.917921 0.01079457 0.01779925 0.9242437 0.01423054 0.01889419 0.9222112 0.03241467 0.02453321 0.8932929 0.020267 0.02009254 0.9072716 0.02698135 0.02606636 0.914345 0.03332525 -0.005169272 0.9104464 0.008883118 -0.01000142 0.9063386 0.02480286 -0.009121 0.8364647 -0.02362567 -0.008152484 0.9583804 0.09826993 0.005213618 0.9570977 0.09617984 7.04913e-4 0.952004 0.04585182 0.001917243 0.9525899 0.00714749 -0.01333898 0.9637828 0.04610043 -0.01072525 0.8870216 0.01269906 -0.007795929 0.8895803 0.01107573 -0.003745496 0.8768838 0.02209168 -0.01312386 0.9644814 -0.04583048 -0.009189963 0.9583295 -0.09305232 0.006399452 0.907359 0.01176548 0.00803709 0.9045559 0.01341551 0.005549967 0.898102 0.01734197 0.007151186 0.8995935 0.01633948 0.01226335 0.9619003 0.05715161 0.007053673 0.9547749 0.002680957 0.004673779 0.9373555 0.006136775 0.007964015 0.9361871 -0.009985566 0.008426427 0.9586311 -0.09355783 0.01218843 0.9646929 -0.04518538 1.61278e-4 0.9547968 -0.07844823 -0.010095 0.888245 0.01019698 -0.009796023 0.8887075 0.01004242 -6.9534e-4 0.8703668 0.02379566 -0.0100035 0.8597552 0.03777641 0.01093691 0.9331192 0.0144816 0.03784716 0.9335319 0.01326638 0.001707673 0.08901953 -0.04769217 0.02724599 0.05846506 -0.03553205 0.03750866 0.03407216 -0.001113116 0.008487343 0.8671809 0.03823035 0.00558716 0.8745307 0.02254635 0.001978456 0.8783406 0.02613925 0.002942264 0.9045425 0.007979989 0.009594976 0.874409 0.02666985 -0.006635487 0.9128353 0.008041799 0.001718699 0.5874098 -0.04924148 0.009183168 0.8642157 -0.01899641 0.03197574 0.8363851 -0.04540127 0.003910601 0.9104293 0.008146524 0.04500895 0.8374828 0.01028394 0.01013833 0.8364271 -0.01791089 0.04449105 0.85372 0.03114825 0.001629948 0.904633 0.006841957 0.001338601 0.9044905 0.00640583 -0.002028286 0.9152449 -0.03081822 0.01098012 0.9089878 -0.02879911 0.007706642 0.9264496 -0.03324073 0.005806088 0.9549451 -0.009629487 0.008574783 0.9695457 -0.01280844 0.02306324 0.8683868 0.01387637 0.002938985 0.904633 0.008147954 0.002644717 0.9045086 0.007707834 0.01812434 0.9164558 -0.02596741 0.00529921 0.89745 0.01761144 0.005260288 0.8973901 0.01659858 0.005313873 0.898485 0.01635968 0.005409777 0.898309 0.0156129 0.004927992 0.8977111 0.01560586 0.005219995 0.898071 0.01595699 0.004900991 0.904633 0.01011097 0.004602074 0.9045165 0.009659528 0.00652641 0.9415193 -0.0211125 0.02231574 0.9266546 -0.02715396 0.02368628 0.9330602 -0.02416867 0.004152894 0.9452632 -0.03078961 0.01989793 0.8801293 0.01679635 0.01098924 0.8806663 0.01452875 0.006222963 0.904633 0.01143795 0.005904853 0.90451 0.0109623 0.02098792 0.4276995 -0.04320937 0.03545516 0.3692311 -0.03112882 0.04404872 0.8563297 0.02989065 0.04917901 0.8576916 0.03460299 0.001594603 0.8514854 0.04477697 0.05237638 0.8697801 0.02119207 0.04506027 0.9342513 -0.02275407 0.04863357 0.933108 0.01297801 0.05799704 0.922575 -0.01452529 0.01287454 0.9032483 -0.02239686 0.008229374 0.909493 -0.02105945 0.01258647 0.8944639 -0.02332872 0.01856726 0.8922268 -0.02313464 0.02122122 0.8818669 -0.0250315 0.03492242 0.4182094 0.03128224 0.03996753 0.321093 0.02611136 0.02097475 0.4010101 0.04293775 0.07605534 0.9606233 -0.01460808 0.07808881 0.954293 -0.002168595 0.06896042 0.9613367 0.009582757 0.01111841 0.2404659 0.0394895 0.0111218 0.2404763 0.0396263 0.02810806 0.891467 0.01176202 0.02162146 0.9101173 0.01395297 0.0324822 0.8985699 0.017843 0.01132047 0.2404779 0.03945583 0.02407693 0.8927987 -0.03172051 0.02069979 0.8968837 -0.02504307 0.04036182 0.5890704 -0.02690804 0.01163631 0.9002608 0.01271736 0.03447985 0.9005884 0.01116377 0.02917486 0.908162 0.01107829 0.01840025 0.9144443 -0.02191114 0.01358854 0.931611 -0.02258628 0.01817214 0.897627 -0.02057808 0.01281833 0.2325267 -0.04556059 0.03461831 0.2323903 -0.03170734 0.01784086 0.8911411 0.0143069 0.02113628 0.8877595 -0.02082812 0.02214753 0.8940894 -0.02245748 0.02761328 0.5875586 -0.04118424 0.02924424 0.8846565 0.03342503 0.02115827 0.8839738 0.03372478 0.02740836 0.9239336 0.01107537 0.02213478 0.9066828 -0.02172297 0.02509677 0.9133867 -0.02234572 0.02402573 0.9118633 -0.02199143 0.02032995 0.9129316 -0.02209508 0.03188478 0.8878034 -0.02288222 0.02026969 0.8901714 -0.05672955 0.02876591 0.8838182 -0.05696022 0.02261787 0.9240595 -0.05681514 0.02661663 0.9142611 -0.05688101 0.0257852 0.913228 -0.0246858 0.02948105 0.9234491 0.03318047 0.03066051 0.8804815 0.01531499 0.0378828 0.8685471 0.01330757 0.05372625 0.8758658 0.01180994 0.02582138 0.8690654 -0.02223265 0.01938623 0.9086194 -0.02140665 0.02262216 0.9052216 -0.02159655 0.02262288 0.9113586 -0.02186095 0.02256548 0.8974038 -0.02255076 0.02441561 0.9045091 -0.02163881 0.02831506 0.9250206 0.01782429 0.04542225 0.768311 -0.01626837 0.02698165 0.9110559 -0.02151107 0.02803897 0.9117286 -0.0216751 0.04229635 0.5885344 0.02370363 0.02419042 0.8953572 -0.02144706 0.02457267 0.8997169 -0.02114093 0.02423864 0.894549 0.02964562 0.048204 0.9065489 0.03001517 0.04235273 0.0938124 -0.01974278 0.0348345 0.2318869 0.029702 0.02921706 0.2344922 0.02985608 0.04240691 0.2329835 0.01795446 0.03568375 0.8939942 0.01306641 0.02785235 0.9143295 0.01113116 0.02795946 0.9136615 0.01395589 0.08872503 0.5068266 0.03044164 0.03327757 0.9176075 -0.0217787 0.03121805 0.9226455 -0.03148132 0.08850586 0.6286671 -0.02561807 0.1679688 0.6276707 -0.02684801 0.08817517 0.5056686 -0.03021615 0.08154976 0.854995 -0.003313004 0.0745486 0.8519905 -2.97071e-4 0.06684654 0.8522352 3.97787e-4 0.0659576 0.8517809 3.52659e-5 0.05811226 0.8738589 0.01550304 0.0301398 0.9150774 0.01087105 0.03247606 0.9078948 0.01139909 0.0308609 0.9179492 0.01557993 0.03479093 0.9081939 0.01405048 0.03455662 0.9089836 0.01148778 0.03379333 0.9080087 0.01141792 0.03507876 0.9079236 0.01134818 0.04230666 0.2859523 -0.02224326 0.03276795 0.902039 -0.02279698 0.03280657 0.9023471 -0.02311301 0.03279495 0.905151 -0.023512 0.03280794 0.9053507 -0.02376544 0.03377288 0.9131953 0.01098126 0.04585987 0.8683261 -0.0222041 0.03773248 0.9081094 0.01082676 0.0477333 0.9096443 0.01334112 0.05261152 0.8806802 0.01388734 0.04940652 0.8696098 0.00307095 0.04819446 0.8954765 0.02927786 0.04577356 0.8945935 0.01435798 0.04520016 0.2406209 -0.01484352 0.03920435 0.240647 0.02504146 0.04749774 0.2486673 -0.00306648 0.125444 0.3558652 0.001881837 0.06255501 0.2844467 0.01090961 0.04390954 0.2803343 0.01713818 0.04674363 0.2576882 -0.00501722 0.08858358 0.6587095 -0.02381563 0.09409266 0.6066905 -0.02829724 0.04983973 0.8560045 -0.002114236 0.05477249 0.8366805 -0.009336411 0.03897976 0.2296246 0.01564812 0.03928846 0.2296376 0.01563417 0.03924942 0.2317637 0.01569873 0.1812375 0.4438701 -0.0157811 0.08814817 0.6581367 0.01927787 0.04550945 0.2323818 -0.008219897 0.06007653 0.8840641 0.01262277 0.08914262 0.685633 0.01927071 0.05479341 0.8972984 0.001360177 0.05919259 0.9058244 0.002004027 0.05254787 0.878686 0.001366376 0.05070757 0.9112737 -0.005082845 0.04622077 0.07265442 -9.89678e-4 0.0880714 0.8013867 0.0070616 0.05263435 0.9067976 -0.0163185 0.08852511 0.6290259 0.02142351 0.0897203 0.6083256 0.02524173 0.1527124 0.8544263 -0.004384934 0.1458972 0.6186035 0.02536571 0.1587151 0.8517794 -4.48667e-4 0.2338509 0.8551093 -5.08386e-4 0.1102644 0.8517849 -5.95174e-4 0.09432351 0.5309309 -0.03127282 0.0886389 0.7781944 -0.01652836 0.09686982 0.8491095 -7.37061e-5 0.1051511 0.9578606 -0.00251311 0.1670539 0.5080696 0.02929919 0.1310208 0.4035809 0.02356076 0.09217345 0.8520777 -4.06738e-4 0.08218598 0.8955938 -0.01186877 0.1598101 0.8947996 -0.01373326 0.09403699 0.5323282 0.03020441 0.1046214 0.6588858 0.02169638 0.2301546 0.6584387 0.02360123 0.08833771 0.8017575 -0.01257938 0.1674182 0.5061318 -0.03259527 0.1683234 0.6287148 0.02337706 0.1691054 0.8951057 -0.01078432 0.2346892 0.8238685 0.006227076 0.1664149 0.5354817 0.03176009 0.1679377 0.5059234 -0.02945715 0.1191507 0.8520565 -2.85526e-4 0.117265 0.8520694 -2.64294e-4 0.1191571 0.8520428 -2.74767e-4 0.1205645 0.8520709 -2.54448e-4 0.2659724 0.6051016 0.02535796 0.1451302 0.8520096 -2.41099e-4 0.1441047 0.8520205 -2.7372e-4 0.2296721 0.7791559 -0.01760804 0.260835 0.8948472 -0.0266999 0.08237403 0.8537839 -0.007061064 0.2609007 0.8527007 -0.01718187 0.1757673 0.8520408 2.07677e-5 0.1764343 0.851883 -1.69235e-4 0.1807345 0.8521183 1.96742e-4 0.18051 0.8522977 4.05398e-4 0.2346491 0.851627 4.35807e-4 0.2305861 0.8020264 -0.01329433 0.2341688 0.8334918 -0.008835196 0.2896063 0.5839565 0.01949888 0.1999069 0.4579673 0.01239633 0.1959209 0.506386 -0.02533793 0.2304111 0.6586126 -0.02562725 0.2301976 0.7755013 0.01483237 0.2434335 0.8236476 0.006849288 0.2026801 0.8522234 4.61976e-4 0.2110168 0.8519482 2.29528e-4 0.2528884 0.6958483 -0.02285242 0.2441991 0.8327016 -0.007539391 0.2123355 0.8521937 6.83823e-4 0.2537432 0.7765747 0.01540875 0.2530236 0.6602451 0.02509295 0.3313956 0.6579324 0.01980233 0.2539657 0.6815953 -0.02600413 0.3024672 0.5878248 -0.0148707 0.3306646 0.6578858 0.02280741 0.215057 0.85199 4.86e-4 0.2155832 0.8518959 3.69151e-4 0.2305166 0.8018314 0.01011234 0.2535691 0.8016498 0.0114305 0.2380397 0.838367 -0.007094502 0.2450155 0.8535993 8.42742e-4 0.2352379 0.8526152 -0.003563523 0.2782961 0.6026083 -0.02537363 0.3315826 0.6580135 -0.02209794 0.2521309 0.6584957 -0.02515113 0.3318569 0.6958274 -0.02209854 0.3066262 0.658467 -0.0261256 0.2376109 0.4955269 0.001038849 0.2404619 0.8457067 0.003491103 0.2434348 0.8371338 8.13315e-4 0.2437567 0.8395369 0.003584086 0.2399193 0.8830415 -0.001536488 0.2485665 0.4692292 3.79253e-4 0.2434396 0.4651681 4.52034e-4 0.2460176 0.3848282 0.002652823 0.2456542 0.4629844 0.006029903 0.243545 0.8253353 0.002133309 0.24353 0.825989 0.00207597 0.2434929 0.82973 8.78039e-4 0.2434999 0.829865 0.001176953 0.2435252 0.8531524 -0.003293931 0.2538046 0.8529475 -0.004026293 0.2481225 0.8514778 -0.003580152 0.2529124 0.8516735 -0.003378152 0.2531414 0.8522569 -0.003920018 0.2542134 0.8520636 -0.003514528 0.2799071 0.8256111 0.006663322 0.2482598 0.5049353 0.002514064 0.3298631 0.8012164 0.01142162 0.280231 0.8274184 -0.008060216 0.2533316 0.7770543 -0.01792842 0.2550368 0.7997752 -0.01425433 0.26036 0.8519008 -0.003260076 0.2671411 0.851738 -0.003236055 0.2707976 0.8511353 4.62025e-4 0.2927412 0.6147118 -0.01853615 0.27781 0.8378807 0.004014372 0.2786718 0.8467695 0.001372754 0.2701258 0.8536448 -0.01472038 0.2710286 0.8532428 -0.01844185 0.27353 0.840947 -0.005665838 0.2751514 0.8832134 -4.16978e-4 0.2799539 0.8518859 0.001124799 0.2788644 0.8547205 -0.002286314 0.3535367 0.6406106 -0.01164609 0.24796 0.5074755 0.007081687 0.278809 0.835052 -4.1e-4 0.2787804 0.8354008 1.32482e-4 0.278839 0.833862 -0.001813948 0.278839 0.8341527 -0.001403272 0.27887 0.8328742 -0.002778649 0.27887 0.833221 -0.002465963 0.2788587 0.8336426 -0.005359292 0.278839 0.833282 -0.004800975 0.3113805 0.8524433 -0.003895819 0.2879928 0.8522644 -0.003727912 0.28714 0.852234 -0.003706991 0.287994 0.852234 -0.003716945 0.2889004 0.852265 -0.003758311 0.289453 0.8522822 -0.003761649 0.2895641 0.8520443 -0.003858685 0.2906853 0.8521674 -0.003624916 0.3061433 0.8522095 -0.003736436 0.3431316 0.8955724 -0.01568138 0.269416 0.8946814 -0.02725076 0.3314888 0.8017126 -0.01278054 0.313814 0.8521859 -0.003584027 0.3155864 0.8524937 -0.004042029 0.312683 0.851868 -0.003577947 0.3132734 0.852398 -0.004203081 0.3132262 0.8514985 -0.003798186 0.331563 0.802723 0.008253753 0.3312453 0.7692175 0.01592463 0.332517 0.7258365 0.01672536 0.4723687 0.7731893 0.003574073 0.3808701 0.6625645 0.003512501 0.3308157 0.8517119 -0.003670752 0.3339217 0.8501302 -0.004544198 0.3246638 0.8519538 -0.003570199 0.3297638 0.8520525 -0.00384742 0.4652883 0.8957492 -7.79097e-4 0.465132 0.8950523 -0.004820585 0.3349605 0.8518711 -0.003520369 0.3293178 0.8519669 -0.003664612 0.3316972 0.8523622 -0.003932595 0.3382908 0.851443 -0.003777205 0.3641832 0.8519782 -0.003794729 0.337181 0.8520731 -0.003800392 0.3382443 0.8518071 -0.003461778 0.3825067 0.7039815 -0.01264041 0.4657909 0.7752344 -0.008909285 0.337372 0.852264 -0.003795981 0.3383455 0.8519952 0.001047611 0.3391628 0.8520349 0.001041948 0.4627881 0.8510371 -0.00504136 0.3746232 0.8387122 -0.005877435 0.3904541 0.8516118 -0.003624558 0.4137752 0.8539439 -0.002939403 0.4085976 0.8517946 -0.003531873 0.4636909 0.8545374 -0.003370642 0.4528368 0.8547194 -0.002193093 0.3922513 0.8515005 4.70922e-4 0.4667416 0.7593309 -0.004581332 0.4564064 0.8553478 -7.21208e-5 0.3809533 0.8518411 -0.003568828 0.3886637 0.8518054 -0.003363311 0.464071 0.7771471 0.006511688 0.4639505 0.8046576 0.08677989 0.4759424 0.8047076 0.08668255 0.3778101 0.8518297 -0.003612399 0.377186 0.8527798 -0.00419116 0.3794737 0.8520136 -0.003709435 0.3776532 0.851925 -0.00388658 0.3759416 0.8528485 -0.004310667 0.3756362 0.852841 -0.004325389 0.375275 0.852936 -0.004348993 0.3790861 0.8528873 -0.004287302 0.3769477 0.8528464 -0.00431329 0.3785223 0.8530379 -0.004356026 0.3828287 0.8516604 -0.003786683 0.3819342 0.8529896 -0.004321992 0.3797758 0.8530135 -0.004363 0.3878507 0.8532735 -0.004258871 0.3933931 0.8519027 0.001098871 0.3935005 0.8518605 0.001038193 0.393951 0.851929 0.001105964 0.4638866 0.8065286 -0.08900159 0.47466 0.803261 -0.08957409 0.4751111 0.7741686 -0.005678534 0.4761492 0.807311 -0.04163175 0.4642112 0.8516305 0.08727192 0.4747679 0.851812 0.08699333 0.465852 0.9003011 0.08662408 0.4643475 0.8517897 -0.08926349 0.4749715 0.8517469 -0.08960825 0.4727834 0.900238 -0.08845251 0.4760016 0.8553595 -0.04477864 0.4662038 0.900074 -0.0885027 0.4635004 0.8516536 0.00259459 0.4745957 0.8872221 -0.02974581 0.4739382 0.8870033 -0.04434347 0.4723271 0.8993334 0.08559459 0.475098 0.8535085 -0.02217489 0.4753677 0.8658402 -0.02701729 0.4748201 0.8858786 -0.04415959 0.4744582 0.8851702 -0.04453361 0.4748084 0.867403 -0.04745203 0.4767827 0.8865228 -0.04417717 0.4765109 0.8705718 -0.04226994 0.4760152 0.8074505 -0.02678 0.476224 0.8320468 -0.02560192 0.4762561 0.8323143 -0.04236453 0.4761725 0.8487258 -0.03168356 0.4756193 0.8507351 -0.03966897 0.475617 0.851044 -0.039177 -0.01736068 0.9145656 0.01008719 -0.01818698 0.913971 0.01024198 -0.02708095 0.905212 0.010221 -0.027336 0.9047524 0.01007503 -0.01078295 0.887604 0.01025599 -0.01045304 0.8880617 0.01006996 -0.02662479 0.9055051 0.01005679 -0.02708095 0.905212 0.010221 -0.00198698 0.9060952 0.004833161 -0.002284944 0.906555 0.004978954 -0.004832088 0.8854926 0.01825332 -0.004925966 0.884949 0.01888799 -0.007124722 0.8896384 0.01160949 -0.006834983 0.889496 0.01204395 -0.02276396 0.909485 0.010167 -0.02340662 0.9086887 0.01001948 -0.007702946 0.889709 0.01095795 0.008147954 0.904633 0.01337099 0.008336365 0.9045504 0.01382857</float_array>
          <technique_common>
            <accessor source="#tripo_node_48ce4f5f-12b3-4402-af7b-9fb9ba8c00c5-mesh-positions-array" count="939" stride="3">
              <param name="X" type="float"/>
              <param name="Y" type="float"/>
              <param name="Z" type="float"/>
            </accessor>
          </technique_common>
        </source>
        <source id="tripo_node_48ce4f5f-12b3-4402-af7b-9fb9ba8c00c5-mesh-normals">
          <float_array id="tripo_node_48ce4f5f-12b3-4402-af7b-9fb9ba8c00c5-mesh-normals-array" count="2565">-0.9992927 0.02243167 0.03018355 -0.9998744 -0.0147103 -0.005920708 -0.901375 -0.4062978 0.1498171 -0.5715073 -0.4755236 -0.6687727 -0.9998664 0.009064137 -0.01361149 -0.9798336 -0.001922667 -0.1998059 -0.9997701 0.01126146 -0.01825028 -0.9998342 0.01275694 0.01300108 -0.9996535 0.02050882 0.01651078 -0.9998354 0.01281797 -0.01284849 -0.7537593 0.6570749 0.009979724 -0.9974823 0.06845402 -0.018525 -0.6345162 0.5364899 -0.5563881 0.6264929 -0.4274483 -0.6517626 0.1715492 -0.4357553 -0.8835657 -0.6991683 -0.5453506 -0.4623379 0.777327 0.4406378 -0.4490001 0.7027428 0.02560585 -0.7109831 -0.6934824 0.02844363 -0.7199119 0.4840609 0.6392802 -0.5974998 -0.5648015 -0.5030598 0.6541638 -0.7077736 0.03235048 0.7056983 -0.04748749 -0.3707138 0.9275324 -0.737387 -0.5662018 -0.3683425 0.7163234 0.02356106 0.6973707 0.01342833 0.7694138 0.6386095 0.8055033 0.5292095 0.2666496 0.6253396 -0.4035867 0.6678835 0.576414 -0.1561356 0.8021027 0.8473488 0.3352894 0.4118022 0.9988364 0.01339793 -0.0463283 0.8392636 0.4483662 -0.3075784 -0.6479504 -0.5586211 0.5177865 -0.313681 -0.2518176 -0.9155284 -0.4941911 -0.5117699 -0.7027566 0.004059016 0.3769428 -0.9262276 0.1615053 0.9281063 0.3354623 0.001220762 -0.568546 -0.8226506 -0.2693285 0.3661647 0.890722 -0.07113945 -0.5573659 0.8272137 -0.08700937 0.8799822 -0.4669698 0.01852536 -0.3545759 0.9348438 0.07495456 0.562129 -0.8236461 -0.2261485 -0.9508005 -0.2117434 0.1084646 -0.5904518 0.7997514 -0.02194303 0.7205815 0.693023 -0.7279071 0.4412122 0.5248647 0.001098692 0.8864331 -0.4628557 0.01370316 0.1608983 -0.9868759 0.07049942 0.7510784 0.6564382 0.8374676 -0.54644 0.007171928 -0.04138433 0.0756272 -0.9962771 -0.02237045 0.1208553 -0.9924181 -0.07660239 0.03149551 0.9965642 -0.7386922 -0.6254346 -0.2513275 -0.1577206 -0.08124071 0.9841362 -0.3384889 -0.2838289 -0.8971435 -0.4758605 -0.4061844 -0.7801097 0.005707025 -0.7755522 -0.6312577 0.005707025 -0.7754288 -0.6314092 0.005707085 -0.7760725 -0.630618 0.01025438 0.1923012 0.9812824 0.01025432 0.1923305 0.9812767 0.01025444 0.1922718 0.9812881 -0.00137335 0.9089378 -0.4169297 -0.001434385 0.9147909 -0.4039253 -0.00137335 0.9131386 -0.4076468 0.8250161 0.5107941 -0.2417398 -0.3792577 -0.3046696 0.8736935 -0.900246 -0.4209469 0.1111803 -0.09305369 -0.05557584 0.9941089 -0.5538268 -0.6494731 0.521019 -0.3996242 -0.3308635 -0.8548859 -0.06961458 0.1395955 0.9877585 -0.6869545 -0.5116528 -0.5160475 -0.2559934 -0.1653214 -0.952437 -0.02011209 0.02780294 -0.9994111 0.6137647 0.0195015 -0.7892481 -0.1704481 0.108159 0.9794127 -0.6026358 0.1501248 0.7837682 0.03537124 0.5661846 -0.8235191 -0.01083427 0.9291571 0.3695265 0.005188226 0.0433982 0.9990445 0.01562553 0.1553401 0.9877375 5.79855e-4 0.2176897 0.976018 0.03994983 0.06091666 0.9973431 0.023561 0.1455168 0.9890752 -0.014283 0.1943468 0.980829 0.01300108 0.3126372 0.9497836 -5.79854e-4 0.3234058 0.9462603 0.03424209 0.9437645 -0.3288404 0.01629716 0.2441834 -0.9695922 -0.3144689 0.1201232 -0.9416368 0.1089527 -0.8474809 0.5195242 -0.004791438 0.05023384 -0.9987261 -0.01739603 0.1677039 -0.9856839 -0.3900893 0.1134683 -0.9137588 0.1046811 0.3420601 -0.9338291 -0.386867 0.2394571 -0.8905022 0.5638812 -0.8186898 -0.1085584 -0.6628721 0.2741214 -0.6967482 -0.4566377 -0.3644373 -0.8115833 -0.5507251 0.8238139 -0.1342859 -0.9994018 -0.01788401 0.0296033 0.7814224 0.2948799 0.5499317 -0.02426266 0.179727 0.9834173 -0.7722805 0.5088109 0.3803874 0.5461052 0.3082714 -0.7789339 0.8986928 0.3908568 0.1989533 -0.4346274 0.3442898 -0.8322041 -0.2922201 0.3738281 -0.8802614 0.370626 0.4248588 -0.8259125 0.5304872 0.833178 0.156198 0.1054422 0.1698979 -0.9798045 -0.2817838 0.8399497 -0.4637699 0.02063053 -0.998171 -0.05682557 0.7114212 0.1531428 -0.6858771 -0.1098386 -0.09747833 -0.989158 -0.001831114 0.04986751 -0.9987542 -0.6567991 -0.01190239 -0.7539716 -0.3698047 0.06821101 -0.9266023 -0.008606433 0.01321488 -0.9998757 -0.888775 -0.4583346 -0.002899289 -0.8209177 0.496921 -0.2813607 0.05429393 0.6197569 -0.7829136 -0.05060106 0.7909092 0.6098378 -0.08917611 0.3306719 0.9395232 -0.01956248 -0.9989707 -0.04092562 0.8356829 0.1804003 0.5187387 -0.706743 0.2317355 0.6684408 0.02490371 0.5025606 0.8641833 0.06610387 0.1238761 0.9900935 -0.009064018 0.9999455 0.005188167 -0.697947 0.3142883 -0.6435005 0.3116326 0.31853 -0.8952228 -0.2799201 0.76389 -0.5814781 0.6728899 0.07150673 -0.7362785 0.01757872 0.04864668 -0.9986615 0.01428282 0.05011212 -0.9986416 0.8102357 0.4674695 0.3535397 0.006256461 0.4947515 0.869012 -0.1205503 0.9089492 -0.3990978 0.09454733 -0.2685047 0.9586272 0.8152585 0.02291989 0.5786434 -0.1959313 -0.1715468 0.9654961 0.02011179 0.003631711 -0.9997912 0.007812798 0.04327559 -0.9990327 0.002838194 0.06888031 0.9976209 -0.06808722 -0.03555423 0.9970458 -0.3627526 0.07471126 0.9288859 0.03924804 0.1082526 -0.9933484 -0.0430321 0.5750738 0.8169692 -0.7288844 -0.6034515 -0.3233789 -0.6419765 -0.4973143 0.5835623 -0.3202416 -0.2557233 0.9121683 0.4112509 -0.6433216 -0.6457632 -0.1710294 -0.1222597 -0.9776511 -0.05285936 0.6646181 0.7453112 0.02884083 -0.5083315 0.8606784 0.01660251 0.02411031 0.9995715 -0.4762882 0.03488385 0.878597 0.02282792 0.06909418 0.997349 -0.1160344 0.7811722 0.6134381 0.02099716 0.9491162 0.3142256 0.01614475 -0.2922541 0.9562045 0.007477223 0.4992672 0.8664158 0.3560659 0.8355813 0.4183552 0.02334678 -0.3344848 0.942112 -0.4550435 -0.8783774 0.1462487 -0.02182137 0.2954588 0.9551063 -0.1720662 0.6318963 0.7557119 0.01171946 0.03961426 0.9991464 0.008850395 0.1191754 0.9928338 0.0177316 0.2320063 0.9725527 0.03201419 0.2784839 0.9599072 0.4070997 -0.8150235 0.4123186 0.06876069 -0.251909 0.9653052 0.1395331 0.08325594 -0.9867112 -0.04022383 -0.08188205 0.99583 -0.447267 -0.0602765 0.8923671 -0.3800894 -0.01275712 0.9248619 0.5902423 0.8003979 -0.1047726 -0.07010263 0.5922257 -0.8027169 0.09961467 0.5740665 0.8127267 0.01165831 -0.9573267 0.2887728 -0.01410001 0.8741712 -0.4854133 0.02362161 0.9139502 0.4051387 -0.1026369 -0.06030642 -0.9928892 -0.006622612 -0.06277781 0.9980056 0.6443175 0.00439471 -0.7647455 -0.4142923 0.01568663 -0.9100087 -0.429829 -0.03653115 -0.902171 0.06918662 0.08572793 0.9939135 0.01849436 0.1554014 0.9876783 -0.0179454 0.9640478 0.2651222 -0.01983749 -0.3238095 0.9459143 0.4089258 -0.1451184 -0.9009553 -0.6804178 -0.1527163 -0.7167353 -0.09769171 0.6332718 0.767739 -0.05829244 -0.3622983 0.9302377 -0.03659248 0.3997097 0.9159112 -0.6853678 -0.1737758 0.7071585 -0.5223599 0.04385548 -0.8515967 -0.0182808 0.9436754 -0.3303673 -0.07059055 -0.9971188 0.0277723 -0.320023 0.197672 0.9265589 -0.9994643 -0.0155341 -0.02880984 -0.2821813 0.1522912 -0.9471965 -0.3799991 0 -0.9249869 -0.732858 -0.02990883 -0.679724 -0.1643165 -0.1086491 -0.9804058 -0.2103692 0.6108124 0.7633171 -0.4671819 -0.001190185 0.8841605 -0.9674696 -0.2483375 0.0482819 -0.5138586 0.7360414 0.4406726 -0.01156681 0.9997547 -0.01889151 -0.4710929 0.7511364 -0.4624561 -0.6951936 -0.5622221 -0.4478977 -0.564336 -0.73024 0.3850644 0.4506794 0.764571 -0.4607813 0.4751529 0.7082278 0.5221524 -0.02569705 0.6406872 0.767372 -0.7874667 -0.3598566 -0.5003994 -0.01074266 -0.4085573 -0.9126695 -0.7952434 -0.1119756 -0.5958603 -0.5005153 0.5689699 -0.6525011 -0.8405811 -0.1131029 0.5297465 0.2797679 0.9545132 0.1031238 -0.5422304 -0.0132147 -0.8401259 0.261003 0.8982815 0.3535078 0.5046082 0.6682534 0.5466334 -0.4322091 -0.01049846 0.9017124 -0.8877669 -0.03399813 0.4590361 -0.8566696 0.05288946 0.5131472 -0.9754852 0.1655972 0.1449357 -0.927087 0.04031604 -0.372672 -0.8639518 0.1815006 0.4697287 -0.7269405 0.0601536 0.6840608 -0.5614366 0.5981211 -0.5718743 -0.8753902 -0.3159987 0.365837 0.3492341 -0.826314 -0.4418606 -0.3281748 0.2102479 0.9209219 -0.8017764 0.4754015 0.3621438 -0.8769541 -0.2460721 -0.4127956 -0.8401972 -0.3469437 0.416772 -0.4749163 -0.8684977 -0.1420079 -0.4275761 -0.6608356 -0.6168267 -0.4240295 2.44151e-4 0.9056484 0.01321482 -0.01797586 0.9997511 -0.5812169 0.5405647 0.6082573 -0.04202485 0.7901415 0.6114822 -0.1232975 0.01608359 -0.9922394 -0.4241482 0.02822971 -0.9051527 0.4417607 0.7156982 -0.5409471 -0.1232665 -0.0519129 0.9910148 -0.488741 0.7412908 0.460022 -0.1007141 -0.156992 -0.9824512 -0.2331081 -0.5161768 -0.8241494 0.8703451 -0.420859 0.2556895 -0.1485069 0.7226362 0.6750872 -0.5265176 0.6235076 0.5779424 -0.6370943 0.6448463 -0.4222371 -0.007996022 0.5939971 -0.8044276 -0.01583945 0.6872316 0.7262657 -0.3023862 0.2770246 0.9120417 -0.08182197 0.6488078 0.7565407 -0.1644997 -0.6201851 0.767014 -0.1474394 0.3446257 0.9270894 -0.5338165 -0.3129164 0.7855719 -0.3138945 -0.8023003 -0.5077248 -0.08072453 -0.7818836 0.6181761 -0.6828684 -0.5775769 -0.4473207 0.300372 0.8430069 0.4462242 -0.8189805 0.5678387 -0.08264577 0.9431287 -0.3323214 0.008423209 -0.1505219 0.864372 -0.4797963 -0.66719 0.06525099 0.7420241 0.2653036 -0.7177816 0.643742 -0.2905704 -0.1506107 0.944926 0.01193308 0.6211308 0.7836161 -0.4077962 0.8625612 0.2994839 0.004333674 -0.02246189 0.9997383 0.2492498 -0.9189007 0.3057712 -0.6271354 -0.3332677 0.7040128 0.3114822 -0.1019962 0.9447622 -0.3129413 0.8910619 0.3287501 0.03653168 0.01773178 -0.9991752 0.01901352 -0.008697986 -0.9997815 0.3753237 -0.9266816 0.01983737 0.9958549 0.02768039 -0.0866425 0.1476513 0.2108868 -0.966295 -0.156319 0.4530568 0.8776697 0.3670867 0.844745 -0.3894269 0.1436241 -0.7558733 -0.6387705 -0.6093152 0.7726233 0.1782929 0.5800482 -0.6447794 0.4977989 -0.9596791 0.2241031 -0.1696872 -0.9267916 0.1437478 0.3469784 -0.9360741 -0.3487999 -0.04586982 -0.8610674 0.5039322 0.06793558 -0.7690567 0.4598043 -0.4439953 -0.8271989 0.02072268 -0.5615271 -0.6144467 -0.6052908 -0.5060418 -0.7433344 -0.01532077 0.6687445 -0.9888565 -0.07693916 0.1274486 -0.6966855 -0.05035614 0.7156072 0.04062145 -0.2240743 -0.9737251 -0.7357518 0.1861963 -0.6511531 -0.9260466 -0.3125175 0.2115902 -0.8595976 -0.1407535 -0.491203 -0.5480012 -0.602783 -0.5799548 -0.09537237 -0.4528129 -0.8864902 -0.5003683 -0.164714 -0.8500005 0.05551493 -0.06406038 -0.9964007 -0.3639973 -0.007263422 -0.9313718 0.09653186 0.4305633 0.8973833 0.4346247 0.3089464 0.8459631 -0.09750956 -0.1166757 -0.9883717 -0.7497913 -0.05069208 0.6597297 -0.2615491 0.5843501 0.7681974 -0.8851864 -0.3276264 0.3303121 -0.2917615 -0.2367052 0.9267394 -0.5679368 -0.6382842 0.5196549 -0.7735103 -0.5465692 -0.3208489 0.4769864 0.5664385 -0.6720353 -0.3257935 0.7384143 -0.5904262 0.334886 0.9317785 -0.1401436 0.3873836 0.7920107 0.4718614 -0.5007301 0.8353743 0.2267584 -0.3611685 -0.2276149 0.9042947 -0.662175 -0.4823254 -0.5734863 -0.1712728 -0.1571425 -0.9726108 -0.7041073 0.06775248 0.7068541 0.8241586 0.5251665 -0.2120442 0.3973574 0.3463296 -0.8498017 -0.4340497 -0.3221954 -0.8413032 -0.1556461 -0.01788401 -0.987651 -0.2234302 -0.9377296 -0.2659739 0.1429215 -0.5396102 0.8296953 -0.05984836 0.3571676 0.932121 0.01629716 0.111425 0.9936392 0.2829157 0.5602769 -0.7784912 0.2598752 0.7481295 -0.6105467 0.04281878 -0.729995 -0.6821099 -0.7146095 -0.2500752 0.6532962 0.05822986 -0.09833163 -0.9934487 -0.467403 0.08063197 -0.8803596 0.6001994 0.7790139 -0.1813782 -0.3845705 0.08368319 -0.9192947 -0.2283141 0.2283446 -0.946431 -0.06891232 -0.5090296 -0.857986 0.3550871 -0.8398185 0.4106315 -0.1080371 0.193307 -0.975172 -0.8398073 -0.08740806 0.5358018 0.5311642 -0.2269442 -0.8163095 -0.7121347 0.1897683 0.6759084 0.696306 0.3727671 0.6133536 0.7811717 -0.4986242 0.3756924 0.2244967 -0.7752705 0.5903872 -0.3542011 0.8804061 0.3153201 -0.2219943 0.9196252 -0.3240494 -0.7892877 -0.3895471 -0.4746347 0.6446882 -0.3075118 0.699867 -0.1252514 -0.1926991 0.9732313 0.3286893 0.8868814 0.3246608 -0.4243956 -0.478414 0.7687707 -0.8675325 -0.4677949 -0.1689835 -0.3687596 0.04217708 -0.9285674 0.9719849 0.02282857 -0.2339319 -0.5745216 0.04892206 -0.8170261 -0.04996019 -0.1699318 -0.9841886 -0.2765628 -0.4754853 -0.8351207 -0.5727756 -0.7541179 0.3213012 -0.4732677 -0.2825506 0.8343757 0.3871665 0.5017356 0.7735396 0.5740595 -0.1671212 0.8015774 -0.6404739 -0.5415005 0.5445829 -0.07584077 0.006256461 -0.9971004 -0.1655063 0.3613488 -0.9176245 -0.9150084 -0.1154556 -0.3865613 0.2804068 -0.9098267 -0.3059205 0.2598701 0.1250978 -0.9575062 -0.09024441 -0.1635203 -0.9824038 0.5721756 0.3405036 -0.746105 0.3364146 -0.3321725 -0.8811849 0.6809117 -0.2523013 -0.6875343 0.71268 0.1658098 -0.6816116 0.9078802 0.4045603 0.1099295 0.8988984 2.13631e-4 -0.4381573 -0.8835408 0.4683529 -0.001159727 0.9988112 0.01019316 -0.04766994 -0.4938344 -0.1033387 0.8633937 0.4987975 -0.611503 -0.6142191 -0.7679687 -0.1677976 -0.6181166 -0.5287756 0.6131002 -0.5869452 0.7348453 -0.3742285 -0.565646 0.6815557 0.6789005 -0.2730862 -0.1431326 0.02255326 0.9894465 0.4241819 -0.07074278 0.9028096 0.3639082 0.4644987 0.8073487 0.4010238 -0.007477223 0.9160372 0.03781265 -0.03775161 0.9985716 0.8554986 -0.01763975 0.5175046 -0.002319455 -0.2349372 -0.9720078 -0.19816 0.7913888 -0.578305 0.6400153 0.7360893 0.2203476 0.1922086 0.3137353 -0.9298528 0.4992371 -0.6965453 -0.5153514 -0.228468 -0.01629734 0.9734151 -0.2369195 -0.05362194 0.9700484 -0.06714117 0.05615442 0.9961621 -0.4027972 -0.5847854 -0.7041168 0.3295447 -0.01095628 0.9440764 -0.01867783 0.5921374 0.8056206 0.2097562 0.7966648 0.5668576 -0.8225835 0.526517 0.214794 0.4190678 -0.4376238 0.7955298 0.567207 -0.0813958 -0.8195432 0.8643195 -0.08261406 0.4961116 0.77781 -0.4182339 0.4691398 0.9179536 -0.3863719 -0.08987873 0.9874293 -0.1570182 -0.01812803 0.5447331 -0.7769215 -0.3156882 0.159188 -0.8168764 0.5544115 0.3074785 -0.3762682 0.8740019 0.1763109 0.6669722 0.7239216 -0.8670899 -0.3686757 -0.3350127 -0.6094395 0.3833221 0.6940084 -0.3372715 0.7489192 -0.5704104 0.5900952 -0.5114768 0.6246433 0.1096235 -0.08810776 0.9900605 0.6511262 -0.01614463 -0.7587978 0.0408951 -0.2023392 0.9784613 -0.1379757 -0.05285859 0.9890242 0.432093 -0.008820056 0.901786 0.3738338 -0.003601253 -0.9274887 0.2055124 0.02835178 -0.9782438 -0.3600932 -0.3004287 -0.8832188 0.1376416 0.01434397 -0.9903783 0.03912556 -0.01599204 -0.9991064 0.09830105 0.07864695 -0.9920442 -0.4019414 0.08032721 -0.9121353 -0.6204002 0.7762022 -0.1123117 -0.04660195 0.7510024 0.658653 -0.7110462 0.3104456 -0.6309016 0.3614135 -0.5333612 -0.7647916 -0.7048117 0.2376534 -0.6684022 -0.3944922 -0.1247628 -0.9103901 -0.1633684 -0.2579165 -0.9522553 0.5908176 -0.09192323 -0.8015515 0.180671 0.2905691 0.9396423 0.7525447 0.2863625 0.5930204 0.4116752 0.02331674 0.9110323 -0.7318553 -0.2036864 -0.6503074 -0.2380838 -0.6338629 -0.73589 -0.6932349 0.03711086 -0.7197557 0.03644007 -0.3595177 -0.9324265 0.2259055 -0.7288673 -0.646312 0.5107293 -0.03765994 -0.8589164 0.07516956 -0.08859813 -0.993227 0.1072428 -0.01516777 -0.9941172 0.3141612 -0.3499598 0.8825139 -0.2595985 -0.5652508 0.7830072 0.1628792 -0.04107838 -0.9857905 0.3326883 0.2666451 0.9045546 -0.5852918 0.4429515 0.6791374 -0.6614208 0.5115391 -0.5484983 0.01260453 0.3644947 0.9311202 0.2456203 0.512116 0.8230479 -0.1275704 0.005523979 0.9918142 -0.7747189 -0.2348114 0.5870895 0.7352337 -0.6067487 0.3021383 0.3212144 -0.2493417 0.9135919 0.385245 0.7665531 0.5137923 0.8490738 -0.05456823 0.5254485 0.1528726 0.4450673 0.8823521 0.2658538 -0.8442867 0.4652976 0.08893239 0.9850925 0.1472542 0.01135319 -0.7271246 0.6864117 0.4830346 0.1967602 0.8532075 0.6886583 -0.161872 0.7067865 0.9431988 0.08755981 0.3204831 0.3697972 -0.7145689 0.5938363 0.6629785 0.2813913 -0.6937423 0.05002021 -0.9117176 -0.4077612 -0.05841261 -0.04269552 0.9973791 0.1948361 -0.2865471 -0.9380457 0.5283529 -0.3687056 -0.7647871 0.6541148 -0.0248425 0.7559874 -0.08398944 -0.05688816 0.9948415 0.5697036 0.09665459 0.8161469 0.09967452 0.9102548 0.401872 -0.3991943 0.2042666 0.8938228 -0.518453 0.06253296 0.8528167 -0.7684102 0.2570625 0.5860586 -0.2458608 -0.3333892 0.9101672 -0.02966445 -0.3962896 0.9176462 -0.3609522 0.3352854 0.8702284 0.1928804 -0.6256712 0.7558655 -0.7085952 0.3349179 0.621066 -0.7382549 -0.638946 -0.2161661 -0.9176904 0.3432526 0.2000552 0.02090543 -0.9991284 0.03613436 -0.5092049 0.03442507 0.8599566 0.5674104 -0.0749548 0.8200167 0.9372165 0.3088245 0.1620268 0.6375516 0.6571145 0.4021549 -0.9177039 0.3763288 -0.1272639 0.9114747 0.3890842 -0.1335197 -0.8498096 0.1790261 -0.4957553 0.4217131 -0.423239 -0.8018897 -0.6058108 0.01379477 -0.7954891 0.03643929 -0.9946954 -0.09619486 0.6474435 -0.4684458 0.6011452 0.4956316 0.7662757 0.4088655 0.548364 0.8307555 -0.09561574 0.5847547 0.03518903 -0.8104467 0.8101909 -0.5398221 0.2284355 0.5427771 -0.01004064 -0.8398168 0.3764181 0.5754003 0.7261018 0.09528231 0.7443439 0.6609641 -0.4011752 0.1276619 0.9070618 0.6058971 -0.2361573 -0.7596833 0.7392579 0.1242422 -0.6618622 0.8905027 -0.04886025 -0.4523469 0.7859748 -0.5029348 -0.3595836 0.3792935 -0.3470041 -0.857744 0.9426917 -0.2344521 0.2374125 0.4814099 -0.2452828 0.8414754 0.3891811 0.8768174 -0.2823638 0.6674906 -0.5973569 -0.4445461 -0.4473239 0.6866577 0.5730642 0.6119086 -0.3309495 -0.7183594 -0.6753475 0.7364153 -0.03997939 0.1936416 0.9549627 0.2248317 -0.1381888 0.9770883 0.1618714 0.2502266 0.2464422 0.9362974 0.8169943 0.4909291 -0.3025046 0.5508468 0.482483 -0.6810125 0.3091323 0.2050607 -0.9286482 0.07013285 -0.7363036 0.673007 0.2997258 0.9273463 -0.224039 0.2930729 0.9076929 -0.3003364 -0.8454108 -0.4203096 -0.3295762 -0.9606791 0.02847427 -0.2761975 -0.6347404 -0.03164851 0.7720772 -0.1066332 -0.9494444 0.2952708 0.2115305 0.6996589 0.682446 0.06683743 0.9963966 -0.05221861 -0.8281207 0.1566574 0.5382143 0.9474343 0.2563297 -0.1914767 0.02551418 -0.6868077 -0.7263913 0.354666 0.03116029 -0.9344738 -0.4296451 -0.5808662 -0.6913751 -0.3457254 -0.1728932 -0.9222701 -0.3578712 -0.4272114 0.8303124 0.4668516 0.004699945 -0.8843232 0.4074896 -0.03393709 -0.9125791 0.409506 0.01818937 -0.9121261 0.6574725 -0.1767359 -0.7324579 0.4748477 -0.07196414 0.8771208 0.687102 -0.2851378 0.6682718 0.09638053 -0.8500592 -0.5177936 -0.9508892 0.3092213 -0.01385575 0.3330528 0.6719956 -0.6614362 0.5432446 0.5693386 0.6170405 0.2290118 -0.1555839 -0.9609096 0.487179 -0.6254923 -0.6094391 0.9555053 0.1193923 -0.2697315 -0.8680012 0.4585534 -0.1905323 -0.4288548 0.2269402 -0.8744037 -0.9197195 -0.1174675 0.3745898 0.3708733 -0.01535129 0.9285566 0.09399944 -0.9937699 0.05987888 0.01574796 -0.0744673 -0.9970992 0.0157783 -0.07382535 -0.9971464 0.01562583 -0.0741617 -0.9971239 0.1541212 0.9466096 0.2831558 0.9738476 0.2217784 0.04934853 -0.2285611 -0.07489502 -0.9706445 0.495202 -0.2569704 -0.8299044 -0.4728651 -0.5961933 0.6488085 0.4033162 0.6468319 0.6472592 0.9867839 0.158182 -0.03515833 -0.1439875 0.5104265 0.847781 0.1626988 -0.8414497 -0.5152586 0.3807268 -0.6018994 0.7019718 0.3881708 0.03109878 0.9210626 -0.4868787 -0.1812557 0.8544563 0.8569758 0.04733508 0.5131784 0.3239337 0.8980354 -0.2976564 0.7517382 0.1482906 -0.6425726 0.109929 0.1763992 -0.978161 0.45021 0.889525 0.07782238 -0.9021819 0.4310244 -0.01690769 0.05484277 -0.9751454 0.2146711 -0.7386697 -0.1149069 -0.6642015 0.3596072 -0.07703036 -0.9299188 0.578733 -0.0777015 -0.8118071 -0.4481968 0.011536 -0.8938605 0.202131 -0.5455372 -0.8133464 -0.2351828 0.5106208 -0.827016 0.2024019 -0.08542263 0.9755699 0.237011 0.3428207 -0.9090104 0.2587679 -0.01843327 0.9657638 -0.05444562 -0.350509 0.9349756 -0.4356303 0.3384879 -0.8340578 0.4606584 -0.3296696 -0.8240824 0.589233 0.499293 0.6352253 0.4097471 -0.210489 0.887582 0.6137353 -0.07193303 0.7862282 0.5765451 -0.7981782 -0.1746634 0.05353087 -0.7325858 0.6785666 0.6139232 -0.7225409 0.3178569 -0.5257228 0.2964935 0.7973126 0.6083078 -0.3639104 0.7053588 0.147986 0.02435404 -0.9886896 0.961934 -0.2247737 0.1554341 0.670776 -0.7330651 -0.1125844 0.9350715 0.066684 -0.3481301 0.5008124 0.03036612 -0.865023 0.04236048 0.9753898 0.2163802 0.9490902 0.03726404 -0.3127926 0.6075516 0.5073562 0.6111224 0.6840518 0.3790759 0.623197 -0.4789461 -0.5851548 0.6543735 0.648194 -0.5570336 0.51919 0.6694083 0.444207 0.5954602 -0.6117842 0.591428 -0.5252933 0.09430313 -0.06820952 0.9932042 -0.02963376 0.02102744 0.9993397 0.9783509 -0.2029215 -0.04065144 -0.01730436 0.06213712 -0.9979177 -0.02835184 0.06790399 -0.997289 0.002105832 0.04938036 -0.9987779 0.009125053 0.04589992 -0.9989044 -0.02832186 -9.15579e-4 -0.9995985 -0.3994063 -0.4066088 -0.8216715 -0.3070512 0.9339106 -0.1831137 0.02557516 0.09973704 0.9946851 0.8665916 0.3202375 0.3827103 0.1013846 -0.07568746 -0.9919641 -0.3582996 0.8444762 0.3980972 0.4226004 0.7380171 0.5260607 -0.6600359 0.1708763 -0.7315421 0.3254839 0.9408668 0.09396761 0.3505457 -0.3125185 -0.8828647 0.1988339 -0.1632788 -0.9663359 0.8954068 -0.1155767 -0.4299869 0.5393658 0.1897378 -0.8204171 -0.1051089 0.6763107 0.7290788 0.5394976 -0.2456534 -0.8053551 0.962857 -0.1537873 -0.2219371 0.9950309 0.007171869 -0.09930777 0.5832235 -0.498502 0.6413627 0.6866283 -0.2120801 0.6953874 0.7732036 -0.6273524 -0.09265625 0.2378383 -0.1986513 0.9507736 -0.6522861 0.08261537 -0.7534571 0.5486752 0.09613561 -0.8304899 0.1682503 0.9834697 0.06692779 0.1666017 0.983771 0.06662237 0.1669683 0.9836819 0.06701928 -0.03463947 0.04709142 0.9982898 -0.07065135 0.04318428 0.9965659 -0.04037654 0.09952229 0.9942159 0.9083745 -0.4095986 -0.08417201 0.003906428 0.1108159 0.9938333 -0.5368992 0.07306367 0.8404767 0.9798255 0.1871449 -0.07013356 0.9937396 -0.007690846 0.1114565 0.9245842 -0.09592235 -0.3687045 -0.04406994 -0.5271613 0.8486219 -0.008545398 0.1132876 -0.9935255 0.5219061 -0.5510823 -0.6510932 0.1619022 0.9803249 -0.1129195 0.09518915 0.2529426 -0.9627872 -0.5187378 0.0891776 0.8502697 -0.001709043 0.1516808 0.9884281 0.5953339 0.002838253 0.8034734 -2.74671e-4 0.06415086 0.9979402 0.01138359 0.1474682 0.9890013 0.6450276 0.09284001 0.7584987 -0.1541203 0.02069181 -0.9878354 -0.1482306 0.0594204 -0.9871662 0.9996306 -0.01828104 0.02011221 -0.02465903 0.1584221 0.9870635 -0.005157709 0.2304496 0.9730706 -0.0032655 0.736817 0.6760845 0.5653107 -0.4604155 0.6844278 -0.6763035 0.6079712 0.4159144 -0.6069416 0.7861217 -0.1167677 0.0486772 0.7613794 0.6464767 -0.03814941 0.6413679 -0.7662844 -0.107456 0.04416042 0.9932286 0.007996022 0.1472551 -0.9890663 0.4838142 -0.385971 -0.7854618 -0.04165899 0.2038393 0.9781177 -0.003357052 -0.3805681 0.9247468 0.4237857 -0.3413846 -0.8389651 0.3188621 -0.2479055 0.914806 0.6078564 -0.7860291 0.1125558 0.07947075 -0.03585946 0.9961921 0.8242601 0.5126295 -0.2404295 0.8549085 -0.5187682 0.003326594 -0.005707025 0.9351044 -0.3543264 0.06247282 -0.9966052 0.05362224 0.9720035 -0.1501846 -0.1807037 0.5698979 0.5244538 0.6325857 -0.181252 0.1028794 0.9780407 -0.0160225 0.1601945 -0.9869555 -0.5186499 0.06708204 -0.8523511 0.01919662 0.303911 -0.952507 -0.3320473 0.2785474 -0.9011971 0.270891 -0.2013676 -0.9413126 0.4824541 -0.3955037 -0.7815464 0.02734524 0.1929429 0.9808289 0.02606332 -0.8849325 0.4649894 0.4935907 0.5500516 0.6736553 -0.7504046 0.1224428 0.6495389 0.6467127 -0.4427495 0.6210762 0.01544255 0.006592035 -0.9998591 -0.001068174 0.2363117 -0.9716768 0.4386199 0.2107646 -0.8736081 0.2404022 0.9706734 2.44156e-4 0.2417743 0.9703322 7.62984e-4 0.2313674 0.9728664 5.18829e-4 -0.01931834 0.03793483 0.9990935 -0.02957278 0.1635203 0.9860966 -0.6322596 0.09415072 0.7690147 0.3986788 -0.2746467 0.8749997 0.4921765 -0.4226852 -0.760986 -0.8720837 0.09366315 -0.4803098 -0.02624636 0.03912544 -0.9988896 0.4948145 -0.5922026 0.6359677 0.7385984 0.09934037 0.6667863 0.2311848 0.3519809 -0.9070078 0.01464885 0.999848 -0.009460687 0.4277643 0.3136816 -0.8477156 0.8680766 -0.4167037 -0.2698166 0.4236367 -0.3633003 -0.8297861 0.5728797 -0.6111205 -0.5462058 0.04593193 -0.6348984 -0.7712292 0.07095712 0.05035662 -0.9962075 0.7199487 -0.6336097 0.2832185 -0.1508262 -0.02246212 0.9883052 0.02734482 0.9787376 -0.2032856 -0.05041772 -0.01672452 0.9985882 0.002411007 -0.9999895 0.003906428 0.830578 0.01715171 -0.5566383 -0.8297102 0.003082334 -0.5581859 0.01144474 0.1738383 -0.9847078 -0.1416994 0.9526182 -0.2691465 0.08325499 0.0556966 -0.9949707 -0.00915569 -0.4370952 -0.8993687 -0.02835208 -0.6714783 0.7404817 -0.04095679 0.1791784 0.9829637 0.2494028 0.7947809 -0.5532825 -0.4788489 0.6456983 0.594792 0.177957 0.2802572 0.9432854 0.4068812 0.4865667 0.7731109 0.1126777 0.3309831 0.9368852 0.0401017 0.1300101 -0.9907014 0.246653 0.3284435 0.9117496 -0.6624173 -0.4751215 0.5791917 -0.534884 0.7945435 -0.2874017 -0.4536066 -0.6817071 -0.5740354 0.5626247 0.3423053 -0.7525162 -0.01626676 0.9998123 0.01052916 0.2894443 -0.1375806 0.9472559 -0.01147508 0.4353528 -0.9001868 0.2248368 0.3165783 0.921535 0.7259626 -0.6868979 -0.03390693 0.320141 0.947361 -0.004119992 0.3210277 0.9470608 -0.004150509 0.3215761 0.9468747 -0.004150509 -0.1666941 0.9709279 -0.1717908 0.2961287 0.0520659 0.953728 0.01883041 0.127937 -0.9916036 -0.09689885 -0.4341374 -0.8956201 -0.1934012 0.7385078 -0.645912 0.03265535 0.8317661 -0.5541649 0.4323964 0.2798308 0.8571629 -0.1377015 0.2567559 -0.9566164 -0.03360116 0.1374565 -0.9899377 -0.2605742 -0.3639738 0.8942171 0.6232521 -0.6362226 0.4547281 0.7279202 -0.5753228 -0.3730092 0.008758842 0.0797761 0.9967744 0.002319395 0.2361243 -0.9717202 -0.09540182 0.1817395 -0.978708 0.06216681 0.6315259 -0.7728586 -0.05911487 -0.4792673 -0.875676 0.6291869 0.3893964 0.672677 -0.1454261 0.6044113 -0.7832869 -0.8388147 0.4134104 -0.354234 -0.9997523 0.01529014 -0.01617521 0.121284 0.9647179 -0.2336869 -0.2395108 0.9248086 -0.2955737 -0.02246201 -0.682407 0.7306272 -0.455657 0.5961079 -0.661084 -0.008118033 0.4395651 -0.8981741 -0.09430265 0.3158072 -0.9441255 0.01934891 -0.9939984 0.1076704 0.2452515 0.9333661 -0.2620676 -0.06183177 0.70133 0.7101501 -0.7748926 0.4503472 -0.4435413 0.01730442 -0.07895326 -0.9967283 -0.007812798 0.09888118 -0.9950687 -0.01068156 0.6027163 -0.7978842 0.06552505 -0.6980086 0.7130852 -0.3439832 0.9168003 0.2028619 0.1077942 -0.5625321 -0.8197184 -0.1263491 -0.1301029 -0.9834172 -0.8554526 0.3351311 0.3948266 -0.5956421 -0.458306 0.6596713 0.6094302 -0.450122 0.6526754 -0.6931269 0.02017331 0.7205333 0.370258 -0.01214659 -0.9288496 -0.03888154 -0.07819038 0.9961799 0.441857 -0.3179491 -0.8388508 0.4033459 0.915036 -0.004608392 0.4030708 0.9151571 -0.00463891 0.4026964 0.9153218 -0.00463885 0.05795621 -0.9315722 0.3589074 0.05795639 -0.9313009 0.3596106 0.05798673 -0.9318168 0.3582667 0.03970575 0.5912228 0.8055304 0.0395835 0.5930204 0.8042139 0.03933948 0.5950974 0.8026902 0.8525604 -0.4685954 -0.2314288 0.9987335 0.0275281 0.04211616 0.9974871 0.01348942 0.06955307 0.9997957 -0.01263475 0.01577818 0.9923741 0.02957254 0.1196635 0.9934434 0.1086769 0.03549319 0.6400439 0.5522408 0.5342041 -0.6712802 -0.3695627 -0.6425001 0.5014081 -0.5373907 -0.6780865 0.9995405 -0.02694857 -0.01388627 0.7128037 0.03344887 0.7005656 -0.483675 0.6234244 0.6143295 -0.7143872 0.02392679 -0.6993414 -0.5675985 0.587436 -0.5768458 0.5549938 0.6057779 -0.5701009 0.6910055 0.02340787 -0.7224704 0.9808504 0.1406316 -0.1347414 0.9968271 0.02435451 -0.07577985 0.9986531 0.05066204 -0.01120054 0.9999179 -1.22075e-4 -0.01281785 0.504818 0.6751456 -0.5379008 0.8175601 -0.2407389 -0.5231066 0.2955203 0.1530858 0.9429913 0.985278 -0.1188718 -0.1228698 0.9975586 0.05643039 0.04114019</float_array>
          <technique_common>
            <accessor source="#tripo_node_48ce4f5f-12b3-4402-af7b-9fb9ba8c00c5-mesh-normals-array" count="855" stride="3">
              <param name="X" type="float"/>
              <param name="Y" type="float"/>
              <param name="Z" type="float"/>
            </accessor>
          </technique_common>
        </source>
        <vertices id="tripo_node_48ce4f5f-12b3-4402-af7b-9fb9ba8c00c5-mesh-vertices">
          <input semantic="POSITION" source="#tripo_node_48ce4f5f-12b3-4402-af7b-9fb9ba8c00c5-mesh-positions"/>
        </vertices>
        <lines count="44">
          <input semantic="VERTEX" source="#tripo_node_48ce4f5f-12b3-4402-af7b-9fb9ba8c00c5-mesh-vertices" offset="0"/>
          <p>818 817 60 59 923 922 826 825 561 560 415 414 784 783 536 535 927 926 931 930 381 318 731 730 662 661 814 813 728 727 858 857 144 143 412 411 935 934 553 552 312 293 62 61 812 811 925 924 407 406 821 820 936 498 664 663 816 815 70 69 455 454 449 448 921 920 782 781 544 543 514 513 726 725 929 928 938 937 551 550 919 918 761 760 933 932 886 885</p>
        </lines>
        <triangles count="1944">
          <input semantic="VERTEX" source="#tripo_node_48ce4f5f-12b3-4402-af7b-9fb9ba8c00c5-mesh-vertices" offset="0"/>
          <input semantic="NORMAL" source="#tripo_node_48ce4f5f-12b3-4402-af7b-9fb9ba8c00c5-mesh-normals" offset="1"/>
          <p>2 0 9 1 10 2 15 3 9 1 3 4 3 4 0 5 4 6 0 5 3 4 1 7 3 4 2 0 1 7 1 7 4 6 0 5 6 8 7 9 4 6 1 7 6 8 4 6 6 8 5 10 7 9 7 9 5 10 8 11 8 11 5 10 13 12 10 2 9 1 15 3 11 13 43 14 18 15 12 16 43 14 11 13 11 13 18 15 15 3 11 13 27 17 12 16 2 0 3 4 9 1 10 2 15 3 18 15 7 9 13 12 4 6 8 11 13 12 7 9 4 6 14 18 3 4 3 4 14 18 15 3 11 13 14 18 27 17 15 3 14 18 11 13 13 12 14 18 4 6 26 19 27 17 13 12 13 12 27 17 14 18 16 20 23 21 10 2 17 22 16 20 10 2 18 15 19 23 10 2 23 21 1 7 10 2 2 0 10 2 1 7 23 21 20 24 24 25 24 25 20 24 22 26 23 21 16 20 20 24 20 24 16 20 21 27 16 20 17 22 21 27 21 27 17 22 49 28 21 27 49 28 20 24 20 24 42 29 22 26 25 30 22 26 42 29 24 25 22 26 26 19 20 24 49 28 42 29 23 21 24 25 5 10 23 21 6 8 1 7 5 10 6 8 23 21 26 19 5 10 24 25 25 30 12 16 27 17 26 19 38 31 25 30 26 19 25 30 27 17 5 10 26 19 13 12 38 31 26 19 22 26 19 23 46 32 10 2 47 33 19 23 28 34 19 23 18 15 28 34 28 34 18 15 43 14 29 35 12 16 30 36 40 37 30 36 12 16 37 38 40 37 12 16 43 14 12 16 29 35 40 37 29 35 31 39 32 40 40 37 33 41 40 37 32 40 36 42 32 40 34 43 41 44 32 40 41 44 36 42 36 42 41 44 35 45 36 42 35 45 83 46 36 42 83 46 81 47 40 37 36 42 29 35 29 35 36 42 84 48 22 26 39 49 38 31 39 49 22 26 30 36 37 38 30 36 22 26 25 30 37 38 22 26 33 41 40 37 34 43 34 43 40 37 41 44 74 50 41 44 40 37 10 2 46 32 17 22 12 16 25 30 42 29 12 16 42 29 37 38 35 45 42 29 49 28 37 38 42 29 35 45 30 36 37 38 35 45 40 37 25 30 38 31 37 38 25 30 40 37 43 14 29 35 44 51 29 35 45 52 44 51 67 53 35 45 49 28 63 54 46 32 19 23 49 28 17 22 68 55 67 53 49 28 68 55 63 54 19 23 47 33 43 14 66 56 28 34 44 51 66 56 43 14 28 34 72 57 47 33 52 58 50 59 51 60 51 60 50 59 52 58 53 61 54 62 55 63 33 41 39 49 30 36 40 37 31 39 30 36 30 36 31 39 33 41 55 63 54 62 53 61 57 64 58 65 56 66 56 66 58 65 57 64 30 36 35 45 29 35 35 45 32 40 29 35 32 40 35 45 34 43 35 45 33 41 34 43 32 40 33 41 29 35 29 35 33 41 31 39 41 44 39 49 33 41 33 41 35 45 41 44 45 52 29 35 84 48 73 67 38 31 39 49 38 31 74 50 40 37 65 68 17 22 46 32 46 32 63 54 124 69 65 68 137 70 68 55 124 69 65 68 46 32 64 71 65 68 124 69 68 55 17 22 65 68 63 54 47 33 71 72 35 45 67 53 48 73 66 56 72 57 28 34 47 33 72 57 71 72 71 72 125 74 63 54 125 74 124 69 63 54 95 75 72 57 66 56 39 49 74 50 73 67 74 50 39 49 41 44 74 50 38 31 73 67 91 76 66 56 44 51 91 76 44 51 85 77 100 78 75 79 83 46 94 80 76 81 83 46 36 42 76 81 94 80 67 53 68 55 77 82 137 70 77 82 68 55 79 83 80 84 77 82 79 83 86 85 134 86 83 46 35 45 48 73 83 46 48 73 78 87 80 84 79 83 48 73 48 73 79 83 78 87 78 87 79 83 134 86 101 88 78 87 126 89 134 86 126 89 78 87 76 81 81 47 83 46 93 90 82 91 36 42 84 48 36 42 82 91 82 91 87 92 100 78 87 92 82 91 93 90 93 90 36 42 94 80 48 73 67 53 80 84 67 53 77 82 80 84 45 52 84 48 85 77 44 51 45 52 85 77 83 46 78 87 100 78 137 70 86 85 77 82 77 82 86 85 79 83 95 75 66 56 91 76 76 81 36 42 87 92 76 81 87 92 81 47 36 42 81 47 88 93 87 92 36 42 88 93 91 76 84 48 90 94 90 94 131 95 122 96 131 95 84 48 82 91 130 97 131 95 82 91 111 98 130 97 82 91 111 98 98 99 108 100 81 47 87 92 93 90 81 47 93 90 88 93 87 92 88 93 94 80 88 93 93 90 94 80 75 79 100 78 87 92 94 80 83 46 87 92 84 48 91 76 85 77 72 57 95 75 96 101 96 101 125 74 71 72 71 72 72 57 96 101 109 102 75 79 97 103 97 103 100 78 109 102 82 91 100 78 97 103 101 88 100 78 78 87 99 104 101 88 102 105 100 78 101 88 99 104 98 99 100 78 108 100 99 104 102 105 103 106 100 78 99 104 108 100 105 107 108 100 99 104 99 104 103 106 104 108 121 109 104 108 103 106 121 109 105 107 104 108 105 107 121 109 106 110 106 110 107 111 105 107 105 107 107 111 108 100 100 78 110 112 109 102 75 79 109 102 83 46 111 98 109 102 110 112 75 79 87 92 111 98 75 79 111 98 97 103 105 107 99 104 111 98 111 98 99 104 98 99 83 46 109 102 87 92 109 102 111 98 87 92 82 91 97 103 111 98 110 112 100 78 98 99 99 104 110 112 98 99 110 112 99 104 104 108 111 98 110 112 105 107 104 108 105 107 110 112 111 98 108 100 112 113 112 113 108 100 113 114 107 111 113 114 108 100 107 111 106 110 111 98 113 114 107 111 114 115 111 98 112 113 107 111 107 111 112 113 114 115 106 110 121 109 113 114 113 114 121 109 112 113 106 110 112 113 115 116 115 116 112 113 121 109 106 110 115 116 111 98 112 113 106 110 114 115 114 115 106 110 113 114 140 117 95 75 91 76 140 117 91 76 90 94 172 118 140 117 90 94 140 117 172 118 141 119 141 119 116 120 171 121 118 122 119 123 147 124 177 125 118 122 120 126 177 125 119 123 118 122 147 124 119 123 177 125 111 98 115 116 130 97 121 109 102 105 115 116 115 116 102 105 101 88 64 71 125 74 96 101 123 127 124 69 125 74 123 127 64 71 124 69 64 71 123 127 125 74 126 89 127 128 128 129 126 89 128 129 101 88 130 97 101 88 128 129 163 130 126 89 134 86 163 130 135 131 126 89 115 116 101 88 130 97 121 109 103 106 129 132 121 109 129 132 130 97 102 105 129 132 103 106 102 105 128 129 127 128 128 129 102 105 130 97 121 109 130 97 102 105 133 133 131 95 130 97 131 95 132 134 229 135 132 134 131 95 133 133 126 89 135 131 132 134 133 133 126 89 132 134 84 48 131 95 90 94 122 96 176 136 89 137 90 94 122 96 89 137 89 137 172 118 90 94 190 138 172 118 89 137 127 128 130 97 135 131 127 128 135 131 102 105 102 105 135 131 129 132 129 132 136 139 132 134 136 139 129 132 135 131 132 134 130 97 129 132 132 134 135 131 130 97 130 97 127 128 126 89 130 97 126 89 133 133 135 131 138 140 120 126 135 131 120 126 136 139 132 134 136 139 120 126 138 140 142 141 120 126 120 126 142 141 139 142 134 86 86 85 160 143 160 143 188 144 134 86 153 145 141 119 117 146 86 85 137 70 185 147 185 147 137 70 173 148 185 147 173 148 146 149 122 96 92 150 176 136 122 96 131 95 92 150 138 140 163 130 157 151 139 142 138 140 157 151 163 130 138 140 135 131 64 71 96 101 145 152 64 71 145 152 155 153 64 71 150 154 65 68 137 70 65 68 150 154 147 124 148 155 118 122 118 122 148 155 120 126 96 101 95 75 193 156 149 157 142 141 138 140 139 142 149 157 138 140 151 158 149 157 139 142 151 158 139 142 142 141 155 153 150 154 64 71 175 159 200 160 152 161 141 119 153 145 140 117 120 126 139 142 157 151 156 162 120 126 157 151 156 162 157 151 158 163 158 163 157 151 149 157 156 162 158 163 159 164 120 126 156 162 161 165 120 126 229 135 132 134 161 165 205 166 120 126 157 151 151 158 142 141 157 151 142 141 149 157 157 151 163 130 159 164 159 164 163 130 162 167 159 164 162 167 156 162 161 165 162 167 163 130 156 162 162 167 164 168 161 165 183 169 205 166 180 170 183 169 165 171 161 165 163 130 165 171 165 171 183 169 161 165 170 172 169 173 163 130 169 173 165 171 163 130 168 174 167 175 165 171 166 176 165 171 167 175 134 86 170 172 163 130 116 120 141 119 172 118 116 120 191 177 117 146 191 177 172 118 190 138 116 120 172 118 191 177 146 149 173 148 174 178 146 149 174 178 175 159 174 178 173 148 175 159 152 161 146 149 175 159 160 143 185 147 152 161 160 143 86 85 185 147 151 158 157 151 159 164 149 157 151 158 159 164 131 95 229 135 92 150 137 70 209 179 173 148 137 70 150 154 209 179 175 159 173 148 209 179 209 179 222 180 175 159 177 125 120 126 194 181 159 164 158 163 164 168 164 168 158 163 178 182 158 163 149 157 179 183 158 163 179 183 178 182 149 157 159 164 179 183 179 183 159 164 164 168 164 168 178 182 156 162 156 162 178 182 179 183 179 183 164 168 162 167 156 162 179 183 161 165 161 165 179 183 180 170 161 165 180 170 162 167 179 183 162 167 181 184 179 183 181 184 180 170 181 184 162 167 182 185 162 167 180 170 182 185 180 170 181 184 183 169 181 184 182 185 183 169 184 186 183 169 182 185 182 185 180 170 184 186 117 146 141 119 171 121 192 187 95 75 140 117 152 161 185 147 146 149 170 172 134 86 188 144 171 121 117 146 187 188 117 146 154 189 153 145 153 145 154 189 190 138 219 190 153 145 190 138 219 190 224 191 153 145 192 187 140 117 153 145 224 191 192 187 153 145 186 192 170 172 188 144 199 193 205 166 189 194 154 189 117 146 191 177 190 138 154 189 191 177 192 187 193 156 95 75 194 181 147 124 177 125 194 181 120 126 205 166 183 169 184 186 168 174 184 186 180 170 165 171 165 171 166 176 184 186 184 186 167 175 168 174 168 174 196 195 189 194 168 174 189 194 183 169 205 166 183 169 189 194 197 196 120 126 148 155 120 126 197 196 229 135 148 155 147 124 194 181 148 155 194 181 205 166 195 197 145 152 96 101 193 156 195 197 96 101 197 196 148 155 205 166 167 175 184 186 189 194 166 176 167 175 204 198 166 176 204 198 184 186 189 194 184 186 204 198 167 175 189 194 196 195 167 175 196 195 204 198 165 171 196 195 168 174 196 195 165 171 199 193 204 198 196 195 201 199 196 195 199 193 201 199 199 193 165 171 203 200 204 198 199 193 189 194 186 192 160 143 152 161 188 144 160 143 186 192 200 160 186 192 152 161 221 201 209 179 150 154 219 190 190 138 89 137 219 190 89 137 227 202 203 200 201 199 202 203 201 199 203 200 169 173 169 173 203 200 165 171 203 200 205 166 199 193 205 166 203 200 204 198 204 198 203 200 202 203 202 203 201 199 199 193 204 198 202 203 199 193 204 198 169 173 205 166 228 204 207 205 206 206 228 204 206 206 208 207 224 191 195 197 193 156 224 191 342 208 289 209 224 191 198 210 192 187 217 211 169 173 226 212 226 212 169 173 170 172 210 213 155 153 145 152 224 191 289 209 195 197 206 206 207 205 208 207 212 214 214 215 211 216 213 217 208 207 211 216 208 207 213 217 443 218 541 219 214 215 215 220 211 216 214 215 541 219 169 173 217 211 205 166 205 166 217 211 216 221 195 197 223 222 145 152 224 191 193 156 198 210 201 199 169 173 218 223 218 223 169 173 204 198 204 198 201 199 216 221 216 221 201 199 226 212 226 212 201 199 218 223 217 211 226 212 218 223 217 211 218 223 216 221 216 221 218 223 204 198 443 218 228 204 208 207 92 150 89 137 176 136 226 212 170 172 200 160 200 160 170 172 186 192 92 150 229 135 89 137 227 202 89 137 229 135 227 202 229 135 220 224 230 225 220 224 229 135 223 222 210 213 145 152 150 154 155 153 221 201 221 201 210 213 299 226 221 201 155 153 210 213 222 180 200 160 175 159 226 212 205 166 216 221 205 166 229 135 197 196 205 166 226 212 225 227 309 228 219 190 220 224 219 190 227 202 220 224 443 218 207 205 228 204 212 214 207 205 443 218 208 207 212 214 211 216 212 214 208 207 207 205 306 229 230 225 229 135 225 227 306 229 229 135 306 229 225 227 231 230 209 179 232 231 222 180 200 160 233 232 226 212 236 233 234 234 243 235 237 236 235 237 234 234 243 235 234 234 257 238 236 233 237 236 234 234 237 236 236 233 238 239 252 240 240 241 241 242 241 242 242 243 239 244 243 235 242 243 241 242 252 240 239 244 244 245 244 245 239 244 242 243 244 245 242 243 249 246 249 246 242 243 257 238 200 160 222 180 245 247 222 180 232 231 245 247 404 248 245 247 232 231 241 242 246 249 243 235 246 249 241 242 240 241 238 239 246 249 240 241 238 239 236 233 246 249 243 235 246 249 236 233 257 238 242 243 243 235 239 244 247 250 241 242 241 242 247 250 252 240 248 251 249 246 257 238 249 246 248 251 250 252 229 135 205 166 225 227 231 230 225 227 272 253 251 254 271 255 233 232 255 256 239 244 252 240 253 257 516 258 255 256 254 259 239 244 255 256 247 250 239 244 254 259 254 259 253 257 247 250 255 256 252 240 253 257 247 250 253 257 252 240 257 238 234 234 235 237 256 260 257 238 235 237 257 238 314 261 291 262 248 251 257 238 291 262 256 260 235 237 310 263 256 260 259 264 260 265 238 239 240 241 261 266 278 267 238 239 261 266 334 268 278 267 261 266 261 266 240 241 244 245 244 245 240 241 262 269 261 266 249 246 338 270 252 240 244 245 263 271 240 241 252 240 263 271 263 271 244 245 262 269 263 271 262 269 264 272 263 271 264 272 265 273 263 271 265 273 240 241 265 273 264 272 266 274 240 241 265 273 267 275 267 275 265 273 266 274 237 236 238 239 268 276 270 277 269 278 410 279 310 263 237 236 268 276 268 276 410 279 310 263 274 280 310 263 410 279 271 255 226 212 233 232 225 227 226 212 271 255 271 255 272 253 225 227 237 236 310 263 235 237 258 281 256 260 310 263 273 282 274 280 258 281 275 283 274 280 318 284 258 281 259 264 256 260 274 280 259 264 258 281 275 283 259 264 274 280 231 230 458 285 306 229 418 286 342 208 309 228 528 287 418 286 309 228 342 208 219 190 309 228 238 239 270 277 268 276 270 277 238 239 278 267 269 278 270 277 277 288 277 288 270 277 279 289 279 289 270 277 278 267 318 284 274 280 280 290 274 280 410 279 280 290 280 290 410 279 276 291 281 292 276 291 311 293 311 293 276 291 410 279 268 276 270 277 410 279 262 269 282 294 249 246 262 269 249 246 283 295 262 269 283 295 264 272 283 295 240 241 264 272 264 272 240 241 266 274 266 274 240 241 267 275 287 296 303 297 298 298 303 297 287 296 285 299 286 300 285 299 287 296 298 298 284 301 288 302 289 209 210 213 223 222 289 209 223 222 195 197 304 303 295 304 373 305 319 306 248 251 290 307 290 307 248 251 291 262 314 261 256 260 260 265 314 261 257 238 256 260 282 294 244 245 249 246 249 246 261 266 283 295 282 294 283 295 261 266 283 295 282 294 240 241 240 241 282 294 262 269 244 245 282 294 261 266 299 226 210 213 298 298 299 226 298 298 292 308 285 299 286 300 295 304 294 309 295 304 286 300 295 304 294 309 293 310 321 311 296 312 519 313 389 314 296 312 286 300 286 300 296 312 294 309 317 315 311 293 279 289 311 293 269 278 279 289 277 288 279 289 297 316 297 316 279 289 269 278 278 267 269 278 277 288 278 267 277 288 317 315 317 315 277 288 297 316 285 299 295 304 304 303 453 317 289 209 342 208 284 301 298 298 289 209 298 298 210 213 289 209 221 201 299 226 209 179 301 318 298 298 303 297 304 303 301 318 303 297 302 319 301 318 304 303 285 299 304 303 303 297 373 305 295 304 305 320 374 321 373 305 305 320 305 320 394 322 374 321 394 322 305 320 308 323 293 310 294 309 305 320 306 229 458 285 230 225 230 225 458 285 459 324 292 308 298 298 301 318 307 325 566 326 451 327 305 320 294 309 308 323 299 226 292 308 300 328 343 329 209 179 299 226 311 293 310 263 280 290 311 293 280 290 281 292 318 284 280 290 273 282 273 282 280 290 310 263 298 298 288 302 287 296 390 330 286 300 288 302 286 300 287 296 288 302 435 331 314 261 315 332 315 332 314 261 313 333 291 262 316 334 290 307 290 307 316 334 370 335 292 308 301 318 300 328 310 263 317 315 258 281 311 293 317 315 310 263 318 284 273 282 317 315 273 282 258 281 317 315 309 228 220 224 432 336 272 253 271 255 255 256 272 253 255 256 307 325 307 325 255 256 566 326 308 323 294 309 296 312 308 323 296 312 321 311 320 337 308 323 321 311 394 322 308 323 320 337 343 329 299 226 301 318 322 338 343 329 301 318 301 318 323 339 322 338 322 338 439 340 343 329 302 319 323 339 301 318 301 318 299 226 300 328 310 263 274 280 273 282 248 251 319 306 250 252 250 252 290 307 324 341 250 252 324 341 366 342 245 247 233 232 200 160 338 270 249 246 332 343 338 270 332 343 398 344 249 246 250 252 325 345 249 246 325 345 332 343 416 346 400 347 326 348 326 348 400 347 358 349 250 252 368 350 325 345 325 345 368 350 330 351 368 350 329 352 330 351 330 351 331 353 325 345 332 343 330 351 371 354 371 354 330 351 329 352 334 268 335 355 278 267 397 356 278 267 335 355 297 316 278 267 397 356 334 268 261 266 338 270 336 357 345 358 334 268 272 253 337 359 231 230 272 253 307 325 337 359 231 230 337 359 491 360 398 344 332 343 328 361 340 362 339 363 341 364 337 359 341 364 339 363 398 344 337 359 339 363 334 268 338 270 336 357 399 365 398 344 339 363 339 363 461 366 399 365 288 302 284 301 408 367 219 190 342 208 224 191 251 254 451 327 271 255 271 255 451 327 566 326 566 326 254 259 271 255 254 259 255 256 271 255 233 232 245 247 251 254 232 231 209 179 343 329 416 346 417 368 360 369 360 369 417 368 326 348 426 370 400 347 416 346 334 268 345 358 335 355 345 358 397 356 335 355 347 371 290 307 386 372 286 300 390 330 389 314 259 264 349 373 348 374 350 375 349 373 275 283 275 283 351 376 311 293 351 376 275 283 276 291 276 291 275 283 280 290 351 376 276 291 281 292 350 375 311 293 410 279 259 264 275 283 349 373 275 283 311 293 350 375 319 306 352 377 250 252 353 378 352 377 378 379 353 378 378 379 357 380 357 380 378 379 354 381 357 380 354 381 355 382 356 383 357 380 400 347 400 347 357 380 358 349 346 384 319 306 357 380 357 380 359 385 358 349 359 385 423 386 358 349 358 349 423 386 360 369 358 349 360 369 361 387 326 348 358 349 327 388 400 347 324 341 386 372 346 384 357 380 364 389 362 390 357 380 355 382 362 390 355 382 363 391 357 380 362 390 364 389 352 377 364 389 355 382 364 389 352 377 346 384 352 377 319 306 346 384 365 392 368 350 367 393 368 350 365 392 371 354 368 350 250 252 367 393 367 393 250 252 366 342 332 343 331 353 368 350 331 353 332 343 325 345 330 351 332 343 369 394 369 394 332 343 368 350 413 395 370 335 316 334 367 393 366 342 365 392 365 392 366 342 371 354 371 354 366 342 372 396 372 396 366 342 324 341 405 397 374 321 375 398 304 303 373 305 374 321 304 303 374 321 405 397 348 374 350 375 376 399 348 374 376 399 259 264 369 394 368 350 371 354 369 394 371 354 329 352 368 350 331 353 329 352 329 352 331 353 369 394 369 394 331 353 330 351 290 307 370 335 386 372 245 247 377 400 450 401 250 252 378 379 290 307 379 402 378 379 250 252 352 377 353 378 250 252 250 252 353 378 379 402 353 378 324 341 379 402 379 402 324 341 290 307 352 377 355 382 354 381 352 377 354 381 363 391 379 402 363 391 354 381 352 377 363 391 378 379 378 379 363 391 290 307 354 381 378 379 379 402 355 382 364 389 363 391 379 402 290 307 347 371 379 402 347 371 363 391 363 391 347 371 362 390 347 371 386 372 324 341 324 341 356 383 347 371 356 383 324 341 353 378 353 378 357 380 356 383 347 371 319 306 362 390 319 306 290 307 363 391 362 390 319 306 364 389 364 389 319 306 363 391 280 290 275 283 281 292 381 403 380 404 275 283 275 283 380 404 281 292 281 292 380 404 351 376 351 376 380 404 318 284 318 284 380 404 388 405 388 405 380 404 381 403 388 405 381 403 351 376 351 376 381 403 311 293 311 293 381 403 333 406 381 403 441 407 333 406 357 380 319 306 359 385 384 408 383 409 359 385 384 408 359 385 386 372 387 410 360 369 423 386 360 369 413 395 425 411 360 369 387 410 413 395 413 395 384 408 426 370 426 370 384 408 385 412 423 386 385 412 387 410 387 410 385 412 384 408 387 410 384 408 386 372 386 372 319 306 356 383 319 306 386 372 359 385 356 383 319 306 347 371 400 347 386 372 356 383 386 372 358 349 361 387 386 372 361 387 387 410 370 335 413 395 386 372 260 265 259 264 376 399 517 413 508 414 260 265 260 265 508 414 431 415 382 416 318 284 388 405 333 406 388 405 351 376 351 376 318 284 317 315 351 376 317 315 333 406 390 330 288 302 389 314 309 228 432 336 528 287 432 336 457 417 528 287 391 418 392 419 521 420 391 418 521 420 696 421 392 419 396 422 521 420 393 423 320 337 396 422 396 422 392 419 393 423 395 424 393 423 392 419 375 398 395 424 392 419 391 418 375 398 392 419 393 423 394 322 320 337 393 423 395 424 374 321 297 316 269 278 278 267 279 289 278 267 317 315 396 422 320 337 321 311 345 358 297 316 397 356 297 316 345 358 336 357 336 357 338 270 297 316 297 316 338 270 398 344 499 425 399 365 461 366 398 344 399 365 297 316 460 426 399 365 499 425 427 427 399 365 460 426 399 365 427 427 269 278 297 316 333 406 317 315 297 316 311 293 333 406 311 293 297 316 399 365 399 365 269 278 311 293 337 359 398 344 328 361 328 361 491 360 337 359 401 428 400 347 426 370 441 407 381 403 402 429 426 370 403 430 424 431 426 370 372 396 403 430 426 370 371 354 372 396 403 430 400 347 401 428 400 347 403 430 324 341 426 370 424 431 401 428 377 400 245 247 404 248 232 231 439 340 477 432 476 433 404 248 477 432 477 432 404 248 232 231 404 248 476 433 578 434 288 302 408 367 389 314 289 209 453 317 408 367 289 209 408 367 284 301 408 367 409 435 597 436 597 436 389 314 408 367 405 397 302 319 304 303 358 349 386 372 417 368 361 387 413 395 387 410 326 348 417 368 386 372 326 348 386 372 372 396 372 396 386 372 413 395 326 348 372 396 416 346 327 388 361 387 360 369 326 348 327 388 360 369 416 346 360 369 385 412 327 388 358 349 417 368 416 346 372 396 324 341 417 368 416 346 403 430 403 430 416 346 324 341 403 430 372 396 417 368 372 396 413 395 361 387 372 396 361 387 417 368 417 368 361 387 327 388 389 314 597 436 519 313 420 437 445 438 418 286 313 333 316 334 291 262 413 395 316 334 313 333 291 262 314 261 435 331 435 331 359 385 291 262 291 262 359 385 315 332 313 333 291 262 315 332 342 208 418 286 445 438 438 439 419 440 420 437 438 439 420 437 418 286 374 321 395 424 375 398 503 441 388 405 422 442 350 375 490 443 333 406 333 406 490 443 421 444 422 442 388 405 498 445 426 370 344 446 423 386 423 386 344 446 416 346 433 447 371 354 426 370 371 354 434 448 424 431 371 354 403 430 401 428 403 430 371 354 424 431 344 446 425 411 416 346 416 346 425 411 426 370 344 446 426 370 385 412 344 446 385 412 425 411 425 411 385 412 360 369 426 370 425 411 413 395 408 367 453 317 409 435 453 317 463 449 409 435 410 279 269 278 350 375 350 375 269 278 490 443 490 443 269 278 428 450 427 427 429 451 428 450 427 427 428 450 269 278 430 452 429 451 427 427 220 224 230 225 432 336 381 403 382 416 402 429 423 386 416 346 385 412 423 386 433 447 426 370 433 447 434 448 371 354 433 447 383 409 384 408 384 408 413 395 434 448 434 448 413 395 383 409 434 448 433 447 384 408 423 386 359 385 433 447 433 447 359 385 435 331 436 453 435 331 315 332 359 385 436 453 315 332 359 385 313 333 436 453 313 333 314 261 436 453 437 454 447 455 537 456 437 454 537 456 479 457 539 458 537 456 447 455 433 447 435 331 424 431 442 459 435 331 436 453 424 431 435 331 442 459 447 455 437 454 442 459 447 455 442 459 436 453 447 455 436 453 314 261 437 454 479 457 442 459 456 460 442 459 479 457 528 287 438 439 418 286 343 329 439 340 232 231 350 375 348 374 349 373 313 333 359 385 413 395 440 461 376 399 350 375 440 461 382 416 527 462 350 375 333 406 441 407 350 375 441 407 440 461 434 448 383 409 424 431 424 431 383 409 433 447 401 428 424 431 442 459 401 428 442 459 383 409 383 409 442 459 359 385 383 409 413 395 401 428 371 354 401 428 413 395 413 395 359 385 442 459 413 395 442 459 371 354 342 208 445 438 419 440 446 463 420 437 419 440 419 440 445 438 446 463 464 464 405 397 375 398 444 465 473 466 431 415 444 465 431 415 475 467 314 261 431 415 447 455 431 415 473 466 447 455 444 465 475 467 473 466 328 361 332 343 371 354 328 361 371 354 442 459 491 360 328 361 442 459 491 360 442 459 456 460 451 327 251 254 450 401 527 462 452 468 440 461 483 469 440 461 452 468 376 399 440 461 260 265 440 461 483 469 260 265 260 265 483 469 517 413 230 225 459 324 432 336 457 417 432 336 459 324 462 470 427 427 460 426 460 426 461 366 462 470 462 470 522 471 430 452 339 363 253 257 462 470 461 366 339 363 462 470 323 339 464 464 465 472 464 464 466 473 465 472 464 464 674 474 466 473 466 473 467 475 465 472 467 475 466 473 468 476 468 476 466 473 322 338 469 477 465 472 467 475 469 477 467 475 470 478 470 478 467 475 468 476 469 477 470 478 465 472 470 478 468 476 465 472 465 472 468 476 322 338 471 479 322 338 466 473 674 474 471 479 466 473 322 338 471 479 674 474 322 338 674 474 472 480 465 472 322 338 323 339 302 319 464 464 323 339 464 464 302 319 405 397 674 474 464 464 638 481 314 261 260 265 431 415 443 218 431 415 495 482 443 218 213 217 431 415 495 482 431 415 508 414 557 483 447 455 473 466 474 484 473 466 475 467 473 466 474 484 557 483 557 483 539 458 447 455 519 313 296 312 389 314 439 340 476 433 478 485 477 432 478 485 476 433 578 434 476 433 439 340 427 427 462 470 430 452 572 486 529 487 456 460 572 486 456 460 479 457 450 401 480 488 451 327 651 489 481 490 649 491 254 259 462 470 253 257 502 492 452 468 490 443 484 493 483 469 482 494 428 450 599 495 486 496 486 496 487 497 428 450 482 494 487 497 488 498 485 499 482 494 488 498 482 494 485 499 484 493 482 494 483 469 502 492 502 492 487 497 482 494 428 450 487 497 502 492 502 492 490 443 428 450 440 461 490 443 382 416 382 416 490 443 489 500 452 468 489 500 490 443 491 360 456 460 529 487 496 501 443 218 494 502 496 501 494 502 492 503 494 502 443 218 495 482 212 214 215 220 214 215 492 503 493 504 506 505 215 220 496 501 506 505 492 503 506 505 496 501 422 442 498 445 497 506 460 426 499 425 497 506 333 406 497 506 388 405 333 406 460 426 497 506 441 407 382 416 502 492 500 507 474 484 213 217 500 507 211 216 511 508 490 443 440 461 441 407 490 443 441 407 421 444 502 492 421 444 441 407 505 509 502 492 503 441 504 510 502 492 505 509 212 214 496 501 215 220 462 470 254 259 516 258 374 321 394 322 393 423 511 508 211 216 541 219 501 511 474 484 500 507 474 484 501 511 512 512 493 504 494 502 506 505 494 502 493 504 492 503 494 502 495 482 506 505 215 220 506 505 495 482 422 442 460 426 333 406 422 442 461 366 460 426 495 482 508 414 507 513 496 501 212 214 443 218 554 514 431 415 509 515 475 467 431 415 554 514 500 507 213 217 211 216 510 516 474 484 512 512 511 508 474 484 510 516 500 507 510 516 501 511 510 516 500 507 511 508 510 516 512 512 501 511 566 326 516 258 254 259 339 363 515 517 516 258 339 363 516 258 253 257 340 362 515 517 339 363 527 462 489 500 452 468 475 467 554 514 557 483 602 518 438 439 528 287 245 247 450 401 251 254 450 401 377 400 480 488 422 442 497 506 499 425 483 469 484 493 517 413 484 493 626 519 517 413 517 413 626 519 518 520 525 521 527 462 388 405 525 521 502 492 527 462 478 485 477 432 439 340 520 522 396 422 321 311 321 311 519 313 520 522 520 522 597 436 598 523 520 522 521 420 396 422 696 421 521 420 520 522 696 421 520 522 635 524 522 471 462 470 516 258 516 258 515 517 522 471 522 471 515 517 526 525 522 471 526 525 430 452 429 451 430 452 526 525 499 425 461 366 515 517 526 525 515 517 461 366 461 366 524 526 523 527 461 366 523 527 526 525 422 442 333 406 503 441 503 441 333 406 421 444 461 366 422 442 559 528 524 526 559 528 526 525 524 526 461 366 559 528 422 442 499 425 523 527 523 527 559 528 422 442 502 492 382 416 489 500 529 487 533 529 491 360 540 530 511 508 541 219 511 508 540 530 474 484 557 483 474 484 540 530 557 483 540 530 475 467 475 467 213 217 474 484 213 217 475 467 540 530 445 438 420 437 446 463 342 208 419 440 453 317 231 230 530 531 458 285 509 515 431 415 213 217 213 217 540 530 509 515 508 414 509 515 507 513 540 530 507 513 509 515 502 492 489 500 531 532 527 462 502 492 483 469 531 532 489 500 527 462 531 532 527 462 483 469 215 220 495 482 507 513 499 425 515 517 524 526 523 527 524 526 515 517 523 527 515 517 559 528 523 527 499 425 526 525 499 425 524 526 526 525 341 364 307 325 532 533 480 488 534 534 451 327 480 488 481 490 534 534 534 534 481 490 682 535 307 325 341 364 337 359 231 230 491 360 533 529 340 362 341 364 529 487 529 487 341 364 533 529 530 531 533 529 532 533 533 529 530 531 231 230 532 533 533 529 341 364 532 533 682 535 458 285 532 533 458 285 530 531 682 535 532 533 534 534 307 325 451 327 534 534 534 534 532 533 307 325 515 517 340 362 559 528 581 536 215 220 507 513 537 456 539 458 538 537 539 458 572 486 538 537 572 486 539 458 595 538 538 537 572 486 479 457 517 413 509 515 508 414 541 219 215 220 579 539 542 540 340 362 529 487 588 541 479 457 537 456 556 542 545 543 595 538 595 538 539 458 557 483 555 544 545 543 556 542 595 538 545 543 594 545 578 434 439 340 322 338 546 546 421 444 502 492 546 546 502 492 549 547 546 546 549 547 547 548 549 547 502 492 504 510 549 547 504 510 548 549 548 549 504 510 547 548 547 548 504 510 546 546 546 546 504 510 505 509 421 444 547 548 549 547 421 444 549 547 503 441 505 509 549 547 548 549 503 441 549 547 505 509 452 468 531 532 483 469 502 492 531 532 452 468 421 444 505 509 547 548 547 548 505 509 548 549 505 509 421 444 546 546 595 538 554 514 509 515 554 514 595 538 555 544 556 542 554 514 555 544 554 514 556 542 557 483 556 542 644 550 557 483 555 544 557 483 644 550 555 544 595 538 557 483 542 540 529 487 620 551 610 552 620 551 575 553 573 554 575 553 620 551 529 487 573 554 620 551 526 525 428 450 429 451 428 450 559 528 599 495 558 555 599 495 559 528 428 450 526 525 559 528 438 439 562 556 419 440 563 557 602 518 590 558 563 557 562 556 602 518 463 449 562 556 563 557 463 449 563 557 660 559 577 560 578 434 472 480 322 338 472 480 578 434 565 561 255 256 564 562 255 256 565 561 566 326 516 258 566 326 564 562 567 563 564 562 566 326 565 561 567 563 566 326 516 258 564 562 255 256 517 413 518 520 556 542 518 520 568 564 556 542 568 564 518 520 569 565 556 542 568 564 643 566 666 567 643 566 568 564 570 568 568 564 569 565 509 515 556 542 595 538 517 413 556 542 509 515 572 486 571 569 573 554 479 457 573 554 571 569 479 457 571 569 538 537 538 537 571 569 595 538 571 569 572 486 595 538 573 554 574 570 575 553 545 543 601 571 574 570 529 487 572 486 573 554 576 572 578 434 577 560 541 219 579 539 540 530 580 573 540 530 579 539 580 573 581 536 507 513 580 573 507 513 540 530 453 317 419 440 463 449 582 574 587 575 583 576 558 555 559 528 542 540 542 540 559 528 340 362 584 577 591 578 586 579 586 579 591 578 585 580 586 579 585 580 592 581 520 522 519 313 597 436 587 575 582 574 583 576 377 400 404 248 578 434 479 457 588 541 573 554 538 537 588 541 537 456 588 541 545 543 573 554 573 554 589 582 538 537 573 554 545 543 589 582 601 571 545 543 588 541 574 570 601 571 589 582 538 537 595 538 573 554 595 538 574 570 573 554 610 552 538 537 589 582 562 556 438 439 602 518 584 577 639 583 592 581 591 578 584 577 592 581 591 578 592 581 593 584 457 417 602 518 528 287 545 543 615 585 609 586 480 488 630 587 481 490 599 495 558 555 604 588 631 589 600 590 596 591 601 571 600 590 610 552 588 541 600 590 601 571 600 590 588 541 589 582 589 582 588 541 574 570 589 582 601 571 624 592 640 593 591 578 593 584 591 578 640 593 653 594 591 578 653 594 605 595 595 538 628 596 621 597 628 596 622 598 606 599 621 597 628 596 606 599 621 597 574 570 595 538 574 570 621 597 594 545 594 545 621 597 609 586 621 597 545 543 609 586 594 545 545 543 574 570 644 550 614 600 613 601 555 544 613 601 545 543 613 601 555 544 644 550 591 578 605 595 585 580 607 602 629 603 644 550 623 604 608 605 607 602 608 605 623 604 615 585 623 604 607 602 609 586 643 566 595 538 607 602 607 602 595 538 594 545 594 545 609 586 607 602 575 553 611 606 612 607 575 553 574 570 611 606 574 570 588 541 611 606 588 541 538 537 610 552 611 606 588 541 610 552 611 606 610 552 612 607 631 589 610 552 589 582 631 589 589 582 624 592 545 543 614 600 615 585 545 543 613 601 614 600 562 556 463 449 419 440 485 499 616 608 626 519 485 499 626 519 484 493 616 608 485 499 488 498 558 555 617 609 604 588 604 588 617 609 603 610 666 567 670 611 618 612 542 540 618 612 617 609 618 612 670 611 567 563 618 612 567 563 619 613 619 613 669 614 672 615 618 612 619 613 672 615 596 591 545 543 621 597 596 591 621 597 606 599 606 599 622 598 623 604 624 592 606 599 615 585 606 599 623 604 609 586 615 585 606 599 609 586 624 592 615 585 623 604 623 604 622 598 624 592 624 592 596 591 606 599 624 592 622 598 632 616 632 616 622 598 615 585 596 591 601 571 631 589 624 592 601 571 596 591 596 591 589 582 545 543 596 591 600 590 589 582 655 617 626 519 616 608 488 498 655 617 616 608 655 617 488 498 641 618 585 580 641 618 487 497 487 497 641 618 488 498 620 551 666 567 542 540 542 540 666 567 618 612 542 540 617 609 558 555 598 523 409 435 673 619 409 435 598 523 597 436 590 558 457 417 627 620 599 495 604 588 486 496 603 610 486 496 604 588 655 617 585 580 605 595 626 519 656 621 518 520 622 598 628 596 625 622 625 622 628 596 632 616 629 603 628 596 643 566 628 596 629 603 607 602 615 585 628 596 607 602 628 596 615 585 610 552 610 552 632 616 628 596 625 622 632 616 615 585 644 550 643 566 607 602 595 538 643 566 628 596 457 417 590 558 602 518 377 400 578 434 630 587 630 587 578 434 576 572 579 539 215 220 581 536 600 590 631 589 632 616 632 616 631 589 624 592 634 623 668 624 656 621 487 497 634 623 656 621 487 497 656 621 593 584 487 497 593 584 585 580 633 625 487 497 486 496 634 623 487 497 633 625 671 626 634 623 633 625 633 625 486 496 639 583 639 583 672 615 633 625 672 615 671 626 633 625 620 551 610 552 666 567 643 566 666 567 610 552 391 418 636 627 375 398 375 398 636 627 464 464 615 585 622 598 608 605 608 605 622 598 607 602 607 602 622 598 625 622 625 622 615 585 607 602 592 581 585 580 593 584 631 589 601 571 610 552 632 616 610 552 600 590 636 627 637 628 464 464 486 496 617 609 639 583 586 579 639 583 584 577 641 618 585 580 640 593 640 593 585 580 655 617 520 522 598 523 635 524 615 585 644 550 629 603 377 400 630 587 480 488 603 610 617 609 486 496 644 550 615 585 614 600 643 566 644 550 556 542 612 607 610 552 575 553 576 572 710 629 642 630 615 585 629 603 610 552 610 552 629 603 643 566 675 631 673 619 463 449 463 449 673 619 409 435 590 558 680 632 645 633 645 633 680 632 646 634 746 635 646 634 680 632 645 633 647 636 590 558 459 324 458 285 682 535 734 637 682 535 648 638 649 491 682 535 650 639 651 489 650 639 682 535 651 489 682 535 481 490 567 563 565 561 690 640 655 617 653 594 640 593 653 594 655 617 641 618 640 593 593 584 605 595 593 584 665 641 605 595 605 595 665 641 654 642 641 618 640 593 605 595 641 618 605 595 653 594 655 617 605 595 654 642 655 617 654 642 656 621 654 642 593 584 656 621 656 621 658 643 655 617 658 643 656 621 657 644 658 643 657 644 659 645 659 645 657 644 518 520 724 646 745 647 563 557 563 557 590 558 647 636 675 631 660 559 679 648 660 559 675 631 463 449 627 620 457 417 683 649 457 417 459 324 683 649 391 418 638 481 636 627 654 642 665 641 658 643 654 642 658 643 593 584 665 641 593 584 518 520 593 584 658 643 518 520 665 641 518 520 657 644 638 481 464 464 637 628 636 627 638 481 637 628 618 612 639 583 617 609 639 583 618 612 592 581 655 617 665 641 626 519 626 519 665 641 656 621 665 641 657 644 656 621 655 617 658 643 665 641 518 520 656 621 659 645 518 520 668 624 569 565 656 621 668 624 667 650 656 621 667 650 659 645 668 624 518 520 667 650 518 520 658 643 667 650 667 650 658 643 659 645 618 612 672 615 592 581 639 583 586 579 672 615 672 615 586 579 592 581 694 651 619 613 567 563 669 614 692 652 672 615 669 614 694 651 567 563 638 481 391 418 696 421 671 626 672 615 634 623 668 624 634 623 672 615 673 619 674 474 638 481 675 631 674 474 673 619 673 619 689 653 598 523 673 619 638 481 689 653 689 653 635 524 598 523 696 421 635 524 689 653 677 654 675 631 679 648 677 654 678 655 675 631 472 480 675 631 678 655 472 480 678 655 577 560 676 656 677 654 679 648 577 560 678 655 711 657 660 559 676 656 679 648 707 658 732 659 680 632 682 535 683 649 459 324 630 587 576 572 642 630 685 660 686 661 684 662 689 653 638 481 696 421 563 557 745 647 660 559 685 660 684 662 686 661 717 663 688 664 699 665 564 562 567 563 652 666 564 562 652 666 565 561 472 480 674 474 675 631 669 614 690 640 692 652 690 640 694 651 692 652 677 654 711 657 678 655 680 632 590 558 627 620 697 667 688 664 691 668 693 669 668 624 672 615 692 652 693 669 672 615 694 651 695 670 692 652 695 670 693 669 692 652 695 670 668 624 693 669 652 666 619 613 690 640 652 666 670 611 694 651 694 651 669 614 652 666 669 614 619 613 652 666 568 564 698 671 666 567 698 671 670 611 666 567 670 611 698 671 695 670 695 670 694 651 670 611 619 613 694 651 690 640 481 490 630 587 697 667 697 667 630 587 688 664 697 667 691 668 716 672 627 620 718 673 680 632 698 671 568 564 570 568 695 670 569 565 668 624 569 565 695 670 570 568 570 568 695 670 698 671 724 646 647 636 719 674 647 636 724 646 563 557 688 664 630 587 699 665 567 563 690 640 669 614 565 561 652 666 690 640 670 611 652 666 567 563 718 673 627 620 683 649 734 637 701 675 742 676 682 535 734 637 742 676 682 535 742 676 683 649 700 677 699 665 642 630 630 587 642 630 699 665 702 678 699 665 700 677 700 677 723 679 702 678 720 680 699 665 702 678 481 490 697 667 708 681 649 491 481 490 708 681 697 667 716 672 747 682 706 683 647 636 645 633 706 683 645 633 681 684 681 684 719 674 706 683 647 636 706 683 719 674 707 658 680 632 718 673 649 491 708 681 682 535 580 573 579 539 709 685 709 685 581 536 580 573 762 686 697 667 747 682 709 685 579 539 581 536 705 687 650 639 651 489 712 688 651 489 649 491 712 688 649 491 650 639 712 688 650 639 705 687 718 673 683 649 742 676 576 572 711 657 710 629 711 657 677 654 744 689 682 535 708 681 712 688 682 535 712 688 705 687 682 535 704 690 648 638 704 690 701 675 648 638 701 675 713 691 648 638 704 690 682 535 705 687 713 691 721 692 714 693 734 637 713 691 714 693 648 638 713 691 734 637 651 489 712 688 708 681 651 489 708 681 705 687 700 677 642 630 715 694 715 694 723 679 700 677 723 679 715 694 642 630 691 668 688 664 716 672 716 672 717 663 747 682 718 673 741 695 707 658 732 659 707 658 741 695 732 659 746 635 680 632 645 633 646 634 681 684 719 674 681 684 646 634 676 656 660 559 687 696 717 663 716 672 688 664 720 680 717 663 699 665 745 647 687 696 660 559 576 572 577 560 711 657 713 691 701 675 721 692 722 697 703 698 705 687 722 697 705 687 708 681 722 697 708 681 697 667 710 629 723 679 642 630 745 647 724 646 767 699 746 635 767 699 724 646 646 634 746 635 724 646 724 646 719 674 646 634 744 689 677 654 676 656 710 629 711 657 743 700 744 689 743 700 711 657 744 689 676 656 772 701 676 656 687 696 772 701 702 678 723 679 720 680 710 629 720 680 723 679 729 702 710 629 743 700 720 680 710 629 729 702 721 692 733 703 714 693 721 692 701 675 735 704 733 703 721 692 735 704 734 637 735 704 701 675 714 693 735 704 734 637 705 687 703 698 736 705 704 690 705 687 737 706 737 706 705 687 736 705 703 698 704 690 737 706 703 698 737 706 738 707 736 705 703 698 738 707 737 706 736 705 739 708 736 705 738 707 739 708 741 695 718 673 742 676 722 697 697 667 762 686 740 709 704 690 703 698 703 698 722 697 740 709 741 695 796 710 751 711 741 695 742 676 752 712 737 706 739 708 738 707 766 713 742 676 701 675 704 690 766 713 701 675 735 704 714 693 733 703 758 714 687 696 745 647 809 715 687 696 758 714 722 697 791 716 748 717 748 717 765 718 775 719 810 720 744 689 772 701 744 689 810 720 743 700 746 635 751 711 769 721 732 659 741 695 746 635 741 695 751 711 746 635 796 710 741 695 752 712 794 722 752 712 805 723 750 724 753 725 749 726 750 724 749 726 753 725 762 686 717 663 755 727 747 682 717 663 762 686 755 727 763 728 762 686 763 728 755 727 754 729 756 730 755 727 729 702 729 702 755 727 717 663 769 721 767 699 746 635 745 647 767 699 800 731 745 647 800 731 758 714 751 711 795 732 757 733 729 702 717 663 720 680 759 734 837 735 755 727 756 730 759 734 755 727 756 730 837 735 759 734 756 730 729 702 743 700 722 697 762 686 763 728 752 712 742 676 764 736 764 736 776 737 785 738 792 739 687 696 809 715 768 740 854 741 800 731 810 720 792 739 809 715 769 721 757 733 771 742 770 743 771 742 757 733 771 742 770 743 768 740 757 733 795 732 770 743 743 700 810 720 840 744 766 713 722 697 742 676 742 676 722 697 773 745 766 713 740 709 722 697 773 745 748 717 774 746 748 717 775 719 774 746 773 745 740 709 742 676 764 736 742 676 740 709 766 713 764 736 740 709 773 745 722 697 748 717 776 737 740 709 773 745 740 709 776 737 704 690 704 690 776 737 766 713 764 736 766 713 776 737 772 701 687 696 792 739 765 718 785 738 776 737 774 746 785 738 773 745 785 738 774 746 764 736 776 737 773 745 765 718 774 746 752 712 764 736 763 728 791 716 722 697 780 747 779 748 777 749 778 750 777 749 779 748 780 747 778 750 779 748 787 751 785 738 786 752 787 751 805 723 785 738 788 753 805 723 787 751 789 754 788 753 787 751 789 754 787 751 786 752 788 753 786 752 785 738 790 755 786 752 788 753 797 756 788 753 798 757 798 757 788 753 785 738 765 718 799 758 785 738 785 738 805 723 752 712 765 718 791 716 799 758 791 716 765 718 748 717 752 712 774 746 775 719 752 712 775 719 785 738 775 719 773 745 785 738 765 718 773 745 775 719 810 720 778 750 780 747 778 750 810 720 772 701 792 739 810 720 780 747 777 749 792 739 780 747 778 750 792 739 777 749 772 701 792 739 778 750 836 759 763 728 793 760 754 729 755 727 837 735 763 728 754 729 837 735 793 760 763 728 837 735 807 761 791 716 836 759 794 722 830 762 796 710 794 722 796 710 752 712 796 710 795 732 751 711 796 710 830 762 795 732 788 753 789 754 790 755 790 755 789 754 797 756 797 756 789 754 805 723 789 754 786 752 805 723 797 756 786 752 790 755 797 756 805 723 788 753 805 723 798 757 799 758 798 757 786 752 797 756 805 723 786 752 798 757 799 758 798 757 785 738 767 699 769 721 768 740 771 742 768 740 769 721 768 740 800 731 767 699 799 758 791 716 801 763 763 728 836 759 791 716 803 764 829 765 804 766 794 722 801 763 808 767 805 723 799 758 806 768 805 723 806 768 808 767 808 767 806 768 807 761 806 768 802 769 807 761 801 763 806 768 799 758 806 768 801 763 802 769 802 769 805 723 808 767 808 767 827 770 794 722 807 761 868 771 808 767 807 761 802 769 791 716 801 763 791 716 808 767 791 716 802 769 808 767 810 720 809 715 840 744 758 714 800 731 809 715 805 723 801 763 794 722 802 769 801 763 805 723 827 770 819 772 794 722 822 773 823 774 824 775 822 773 824 775 823 774 829 765 803 764 828 776 837 735 756 730 838 777 795 732 830 762 770 743 860 778 770 743 830 762 855 779 770 743 860 778 808 767 831 780 827 770 827 770 832 781 819 772 832 781 833 782 831 780 832 781 834 783 819 772 819 772 834 783 833 782 833 782 834 783 831 780 831 780 834 783 835 784 793 760 838 777 836 759 837 735 838 777 793 760 871 785 743 700 839 786 743 700 871 785 756 730 871 785 838 777 756 730 809 715 867 787 840 744 840 744 839 786 743 700 835 784 794 722 819 772 835 784 819 772 833 782 832 781 827 770 833 782 833 782 827 770 835 784 835 784 827 770 831 780 832 781 835 784 834 783 830 762 794 722 860 778 836 759 866 788 807 761 842 789 860 778 794 722 842 789 794 722 841 790 841 790 794 722 835 784 843 791 841 790 835 784 843 791 835 784 844 792 844 792 835 784 832 781 831 780 844 792 832 781 845 793 803 764 862 794 845 793 846 795 828 776 804 766 829 765 828 776 862 794 803 764 804 766 864 796 862 794 804 766 804 766 846 795 864 796 804 766 828 776 846 795 843 791 808 767 847 797 831 780 808 767 843 791 828 776 803 764 845 793 831 780 843 791 849 798 831 780 849 798 844 792 844 792 848 799 843 791 768 740 770 743 855 779 841 790 843 791 847 797 844 792 841 790 848 799 849 798 843 791 848 799 841 790 847 797 848 799 841 790 844 792 849 798 849 798 842 789 841 790 853 800 842 789 847 797 862 794 847 797 808 767 847 797 849 798 848 799 800 731 854 741 809 715 851 801 842 789 850 802 842 789 849 798 852 803 847 797 842 789 852 803 851 801 875 804 860 778 851 801 860 778 842 789 862 794 851 801 853 800 853 800 847 797 862 794 862 794 808 767 868 771 866 788 868 771 807 761 854 741 768 740 855 779 853 800 850 802 842 789 850 802 853 800 852 803 852 803 853 800 856 805 856 805 853 800 851 801 852 803 856 805 847 797 847 797 856 805 849 798 856 805 851 801 849 798 849 798 851 801 852 803 851 801 850 802 852 803 855 779 860 778 859 806 884 807 870 808 860 778 860 778 870 808 861 809 861 809 887 810 884 807 884 807 875 804 861 809 875 804 862 794 861 809 875 804 887 810 862 794 859 806 860 778 861 809 859 806 861 809 862 794 863 811 870 808 862 794 862 794 865 812 859 806 864 796 865 812 862 794 864 796 868 771 865 812 867 787 809 715 854 741 867 787 839 786 840 744 869 813 862 794 870 808 836 759 871 785 866 788 871 785 836 759 838 777 866 788 871 785 903 814 872 815 839 786 873 816 895 817 903 814 872 815 903 814 871 785 872 815 851 801 874 818 875 804 875 804 874 818 876 819 875 804 877 820 860 778 860 778 874 818 869 813 860 778 869 813 884 807 869 813 874 818 851 801 869 813 851 801 862 794 878 821 879 822 880 823 878 821 880 823 879 822 881 824 883 825 882 826 882 826 883 825 881 824 874 818 860 778 877 820 874 818 877 820 876 819 869 813 876 819 884 807 884 807 876 819 877 820 875 804 884 807 877 820 870 808 875 804 876 819 870 808 876 819 869 813 862 794 868 771 845 793 864 796 845 793 868 771 866 788 903 814 868 771 887 810 875 804 870 808 870 808 884 807 887 810 862 794 887 810 863 811 863 811 887 810 861 809 870 808 863 811 861 809 888 827 889 828 890 829 889 828 888 827 890 829 865 812 868 771 859 806 859 806 868 771 903 814 854 741 893 830 867 787 893 830 854 741 855 779 893 830 839 786 867 787 871 785 839 786 872 815 873 816 839 786 893 830 893 830 907 831 873 816 915 832 907 831 893 830 915 832 893 830 914 833 908 834 904 835 907 831 907 831 904 835 906 836 855 779 859 806 891 837 893 830 892 838 894 839 894 839 914 833 893 830 892 838 893 830 855 779 895 817 872 815 896 840 872 815 873 816 896 840 896 840 906 836 895 817 895 817 906 836 897 841 873 816 907 831 896 840 859 806 864 796 898 842 898 842 846 795 902 843 864 796 846 795 898 842 902 843 846 795 897 841 864 796 859 806 903 814 891 837 859 806 898 842 891 837 892 838 855 779 891 837 898 842 892 838 902 843 900 844 899 845 898 842 902 843 899 845 846 795 845 793 897 841 906 836 896 840 907 831 903 814 845 793 864 796 845 793 903 814 897 841 903 814 895 817 897 841 900 844 906 836 904 835 904 835 905 846 900 844 911 847 900 844 905 846 898 842 899 845 892 838 901 848 899 845 911 847 900 844 902 843 906 836 897 841 906 836 902 843 899 845 894 839 892 838 916 849 894 839 899 845 916 849 899 845 901 848 900 844 911 847 899 845 912 850 909 851 911 847 909 851 910 852 911 847 913 853 909 851 912 850 909 851 913 853 905 846 905 846 913 853 910 852 912 850 904 835 913 853 913 853 908 834 911 847 911 847 910 852 913 853 911 847 908 834 901 848 904 835 908 834 913 853 905 846 904 835 909 851 910 852 909 851 904 835 910 852 904 835 912 850 905 846 910 852 912 850 905 846 912 850 911 847 907 831 915 832 917 854 901 848 907 831 917 854 907 831 901 848 908 834 916 849 915 832 914 833 914 833 894 839 916 849 917 854 916 849 901 848 916 849 917 854 915 832 388 405 503 441 525 521 388 405 527 462 382 416</p>
        </triangles>
      </mesh>
    </geometry>
  </library_geometries>
  <library_visual_scenes>
    <visual_scene id="Scene" name="Scene">
      <node id="tripo_node_48ce4f5f-12b3-4402-af7b-9fb9ba8c00c5" name="tripo_node_48ce4f5f-12b3-4402-af7b-9fb9ba8c00c5" type="NODE">
        <matrix sid="transform">1 0 0 0 0 -4.37114e-8 -1 0 0 1 -4.37114e-8 0 0 0 0 1</matrix>
        <instance_geometry url="#tripo_node_48ce4f5f-12b3-4402-af7b-9fb9ba8c00c5-mesh" name="tripo_node_48ce4f5f-12b3-4402-af7b-9fb9ba8c00c5"/>
      </node>
    </visual_scene>
  </library_visual_scenes>
  <scene>
    <instance_visual_scene url="#Scene"/>
  </scene>
</COLLADA>