<?xml version="1.0" encoding="utf-8"?>
<COLLADA xmlns="http://www.collada.org/2005/11/COLLADASchema" version="1.4.1" xmlns:xsi="http://www.w3.org/2001/XMLSchema-instance">
  <asset>
    <contributor>
      <author>Blender User</author>
      <authoring_tool>Blender 3.0.1</authoring_tool>
    </contributor>
    <created>2026-09-13T13:14:43</created>
    <modified>2026-09-13T13:14:43</modified>
    <unit name="meter" meter="1"/>
    <up_axis>Z_UP</up_axis>
  </asset>
  <library_images/>
  <library_geometries>
    <geometry id="root_0-mesh" name="root.0">
      <mesh>
        <source id="root_0-mesh-positions">
          <float_array id="root_0-mesh-positions-array" count="1401">-0.1377896 -0.1865979 -0.08407002 -0.1331413 -0.06961959 -0.002081334 -0.1551948 -0.07161861 -0.001749575 0.05411273 -0.06706845 -0.1284475 0.06210023 -0.07064098 -0.1471257 -0.03112566 -0.1753669 0.1323661 -0.4241084 -0.1735277 0.3979227 -0.3924797 -0.1509453 0.3501228 -0.4135352 -0.2003772 0.3625765 -0.3912801 -0.2084968 0.3697832 -0.3992087 -0.1991907 0.3274855 -0.3822357 -0.1562061 0.3626639 -0.3234933 -0.1025748 0.2908353 -0.1195061 0.03718 0.1109782 -0.337167 -0.2103828 0.3035341 -0.2395435 -0.04181307 0.2097928 -0.3590483 -0.20182 0.3425486 -0.3596967 -0.2005775 0.2985117 -0.1385577 -0.1887941 0.08630943 0.1160313 -0.4808076 0.1147775 0.0917899 -0.3802377 0.1331014 0.1580556 -0.4818026 0.01462835 0.1469645 -0.3800467 0.0696209 0.1423161 -0.2538058 0.07444244 0.15901 0.1156149 0.00994277 0.137609 0.1155921 0.08585107 0.05713158 0.9286201 0.048316 0.03474664 0.9343872 0.0268864 -1.02091e-4 0.9387828 0.01808482 0.03291666 0.9514136 0.06642508 -0.03257161 0.9383101 0.03369164 0.001275599 0.9364247 -0.01320171 0.06865388 0.9515213 -0.009145379 0.04256618 0.8897781 0.1330662 -0.05611568 0.9476968 0.0558691 0.02823621 0.9377894 -0.02918374 -0.0608595 0.9285538 0.04288923 -0.02670466 0.9356743 -0.0298314 0.1165953 0.9006807 0.05175131 0.05180472 0.9397075 -0.05148297 -0.04870408 0.931384 -0.05059862 0.1190845 0.8886092 -0.06855428 0.140744 0.8047149 0.07878494 -0.05370426 0.950415 -0.05337154 0.07457488 0.8008021 0.1464848 -0.06212532 0.8928626 0.1189737 0.05697363 0.9066222 -0.1100282 -0.1250812 0.9007501 -0.02169752 -0.01307511 0.8032808 0.1643584 -0.151009 0.8281307 0.04957658 -0.03087586 0.9216326 -0.1065387 0.1606561 0.8104822 -0.01233381 -0.07785922 0.8807947 -0.1147128 -0.1258057 0.8106955 0.1022476 0.08130306 0.8248084 -0.1379109 0.02016651 0.8147867 -0.160842 0.08955299 0.414903 0.1373417 0.1239842 0.7985152 -0.1005011 -0.1207096 0.8138435 -0.1061404 -0.1560494 0.8066372 -0.03061527 -0.04713135 0.8028872 -0.1558682 -0.08090859 0.7193954 0.1424229 0.1430464 0.414685 0.0746262 -0.06976592 0.4143839 0.1502484 0.01271194 0.4132639 0.1634351 0.08858036 0.4158499 -0.1368991 0.1589536 0.4145265 0.003783881 0.1473975 0.4156523 -0.06312984 -0.133526 0.4151075 0.09084182 -0.1488466 0.4168604 -0.06134516 0.1238135 0.04272323 0.1079924 0.428252 -0.1745142 0.3928903 0.3820621 -0.1542159 0.3619961 0.4084756 -0.2059245 0.3702697 0.3903277 -0.1482673 0.3477777 0.3887552 -0.206202 0.3792885 0.3908398 -0.2071912 0.356594 0.3949665 -0.1964264 0.3251461 0.3421953 -0.2096256 0.3124884 0.3228461 -0.1032227 0.2925347 0.1388128 -0.1887956 0.08640646 0.2378775 -0.1930438 0.2337374 0.2778874 -0.0719313 0.2369353 0.2157431 -0.03394246 0.202696 0.2341817 -0.2117539 0.2032099 0.1953465 -0.009851872 0.1636604 0.1321019 -0.07372039 0.09310692 0.1116467 -0.09979736 0.1180499 0.1190193 -0.2088118 0.1127606 0.07005745 0.1155461 0.1489213 -0.005529582 0.1151686 0.1630977 0.08576714 -0.1754193 0.1368888 0.1581016 -0.07073867 0.00168091 0.0823211 -0.2534286 0.1418628 0.009314954 -0.4807161 0.1633934 0.06338649 -0.06982386 0.1476436 0.07654684 -0.1757969 0.1133264 -0.08638852 0.4167933 -0.1377145 0.1315984 -0.172318 0.02890628 -0.1566755 0.4163507 0.02852696 0.05457007 -0.0669527 0.1292658 0.1333396 -0.06878083 -0.001013636 0.1485477 0.1152428 -0.05728131 0.1557036 -0.1734191 0.03013855 -0.006413638 0.4121907 -0.162904 0.160405 -0.2533709 -4.09244e-4 0.1549347 -0.1736985 -0.03032213 0.03631192 -0.1608213 0.1582332 0.1488409 -0.3806251 -0.06790679 0.3917134 -0.1498255 -0.3493769 0.4243654 -0.1735497 -0.4001958 0.4145778 -0.1926898 -0.3638462 0.3910666 -0.2057006 -0.3819881 0.3808087 -0.15522 -0.3604814 0.3933039 -0.2074445 -0.348474 0.3254041 -0.1028649 -0.2897371 0.3474632 -0.1960836 -0.2850065 0.3934699 -0.1795513 -0.3278685 0.3752352 -0.20666 -0.3579043 0.2018953 -0.1909734 -0.2017079 0.3341641 -0.2105107 -0.3000057 0.2438613 -0.04597091 -0.2054337 0.2345751 -0.04633289 -0.217441 0.1373931 -0.1969069 -0.08649873 0.02657097 -0.1748886 0.1396869 0.1315374 -0.1733905 -0.02866488 0.1272519 0.03814649 -0.1006394 0.129806 -0.4799782 -0.09944677 -0.03369152 -0.1719974 0.1572238 -0.06282639 -0.06869846 0.150495 -0.07119059 0.1154547 0.1477552 0.1142058 -0.2037979 -0.1157695 -0.00894016 -0.2533893 0.1633144 -0.05303817 -0.06767684 0.1307838 -0.08326423 -0.3801696 0.1401243 -0.08012479 -0.4798254 0.1411859 -0.07843506 -0.173853 0.1166781 0.01559466 -0.3794993 0.1642514 -0.1458184 -0.4799036 0.07146126 0.03042769 -0.4816803 -0.1593329 -0.1092969 -0.1927042 0.1222355 0.07126778 0.1157389 -0.1458166 0.1117607 0.1157796 -0.1153413 -0.1275352 0.03494179 0.1011087 -0.07264924 0.1160315 -0.1459206 -0.1583624 0.1155934 -0.01558279 -0.1411106 0.1154207 0.08111739 -0.08530157 -0.1745595 0.1374608 0.1183398 0.03877019 -0.1114902 0.1414212 -0.2530799 -0.07497572 -0.08506339 -0.2531185 0.1387953 -0.1283594 -0.2089501 0.100566 -0.1670911 0.01305443 0.1442535 -0.1492885 -0.4814024 -0.06217575 0.06303334 -0.3797559 -0.1511594 -0.1396461 -0.3804166 0.08081781 0.08171778 -0.2535997 -0.1410218 -0.07862436 -0.4783501 -0.1430513 0.007620573 0.1156648 -0.1618067 0.08598142 -0.1745896 -0.1368138 0.07642579 -0.1752561 -0.113694 -0.1439856 -0.2536611 0.07370227 0.02970308 -0.1744297 -0.1346386 0.03424715 -0.168949 -0.155569 -0.04339796 -0.3799273 -0.1558936 -0.1109154 -0.3807281 -0.11707 -0.1577169 -0.2542173 -0.03294152 -0.1557931 -0.170936 0.02950268 -0.06042063 -0.06970411 -0.1481085 -0.1614375 -0.3788015 -0.01996892 -0.1314002 -0.1701211 0.02861559 5.17341e-4 -0.2539024 -0.1622673 -0.1317782 -0.1680554 -0.02752757 -0.09447753 -0.2535127 -0.1337625 -0.03041106 -0.1736686 -0.1537486 -0.05360335 -0.06920862 -0.1280544 -0.1382029 0.1143909 -0.08352881 -0.1556016 -0.1739929 -0.03210431 -0.07625067 -0.1741107 -0.1134085 -0.08529132 -0.173478 -0.1356583 -0.1279736 0.03644955 -0.101022 -0.1175369 0.03850662 -0.1115598 -0.1096491 -0.1900888 -0.1212827 -0.1950198 -0.007635116 -0.1636232 -0.1842191 -0.009091496 -0.1709316 -0.1253216 -0.2103117 -0.1028293 -0.3523816 -0.205605 -0.2971938 -0.3111958 -0.192059 -0.3003259 -0.2574031 -0.05525004 -0.2302139 -0.3376665 -0.2091588 -0.3051421 -0.3361856 -0.1103063 -0.3002191 -0.397161 -0.2025017 -0.3265437 -0.3808858 -0.2041743 -0.3654611 -0.3815428 -0.1541894 -0.3612856 -0.3929039 -0.2041945 -0.3507226 -0.4236225 -0.1734834 -0.4003076 -0.39431 -0.1517375 -0.3527016 -0.4178411 -0.1891224 -0.3743803 -0.1467729 -0.5286793 -0.06518924 -0.1603109 -0.5285238 0.01592659 -0.1178467 -0.4796499 0.1218533 -0.1611816 -0.4797246 -0.04616087 -0.1040789 -0.5725011 -0.1042887 0.01939237 -0.4797849 0.1655899 -0.04830515 -0.5310853 0.1551229 0.0342397 -0.5246021 0.1627381 -0.1073268 -0.5462517 0.1221128 -0.09418529 -0.6076694 0.09213936 -0.09401983 -0.9495588 0.1084507 -0.03859645 -0.7707133 0.03460526 -0.05577003 -0.8583852 0.07583892 -0.02483594 -0.7729227 0.04780489 0.04406386 -0.5245484 -0.1588293 -0.02188408 -0.7742052 -0.04769247 -0.07274341 -0.6659566 -0.06934022 -0.05055558 -0.7740311 -4.76787e-4 0.03964698 -0.7708754 -0.0343005 -0.01160675 -0.7669301 0.02815246 0.04517203 -0.7726892 0.01816624 0.03111523 -0.7787666 0.03883165 0.04065114 -0.7126197 0.06898689 0.1028832 -0.5451042 0.1272077 0.1402999 -0.5264766 0.08129078 0.1253139 -0.4797605 0.1065752 0.1641893 -0.479878 -0.03121364 0.08044898 -0.4797488 -0.1455159 -0.04699683 -0.5270214 -0.1561567 -0.1035225 -0.7851944 -0.1116295 0.05503231 -0.6577605 -0.08902722 0.1035445 -0.5399079 -0.1258077 0.159978 -0.5293003 0.006866633 0.1459751 -0.5309543 -0.06475627 -0.02157396 -0.7656846 -0.01664936 0.02911436 -0.7665335 0.004475593 0.03206682 -0.7791618 -0.03892546 0.09991598 -0.5865682 -0.09912204 0.06713384 -0.8885969 -0.08932131 0.09594279 -0.9510017 -0.1091188 0.09360021 -0.7982959 -0.1213114 0.0731191 -0.6666396 -0.07015895 -0.05688762 -0.6535726 -0.09036988 -0.09038978 -0.9486148 -0.1120609 0.1017551 -0.58099 0.1017675 0.06736886 -0.684839 0.0620855 0.08477389 -0.7311597 0.1176193 0.06600594 -0.6228747 0.1025742 0.08905959 -0.9426918 0.1053156 0.09863179 -0.8689134 0.1160627 -0.09545546 -0.5467458 -0.1290891 -0.0918132 -0.7364766 -0.1231397 0.0142886 -0.7651903 -0.0238521 -0.0655173 -0.8681235 -0.07356351 -0.03892129 -0.7684027 -0.03575581 -0.05522131 -0.4797998 -0.1564168 -0.07239782 -0.5997894 0.1123006 -0.04665398 -0.6911903 0.07703679 -0.09528225 -0.7952206 0.1217523 -0.3217548 -0.2493876 -0.1312422 -0.3798369 -0.2436548 -0.2973415 -0.3387249 -0.2501193 -0.2997673 -0.40794 -0.2497246 -0.2670043 -0.4112355 -0.2505941 -0.3391079 -0.3854888 -0.2488622 -0.3406281 -0.358717 -0.1995242 -0.403581 -0.3542743 -0.200665 -0.3624129 -0.3511203 -0.2441648 -0.3842827 -0.4087178 -0.2470535 -0.3388131 -0.399882 -0.2474529 -0.3380725 -0.3863915 -0.226819 -0.3169509 -0.459456 -0.2410345 -0.3549631 -0.424109 -0.2319698 -0.3871897 -0.4545912 -0.2320415 -0.3679645 -0.4002091 -0.2318472 -0.3626918 -0.4082953 -0.2361419 -0.3220597 -0.3839135 -0.2467596 -0.3420806 -0.4325082 -0.2468246 -0.3422522 -0.434197 -0.2352043 -0.3392727 -0.452745 -0.2470675 -0.379062 -0.3814125 -0.2487579 -0.4219544 -0.4246813 -0.2491319 -0.4413231 -0.3847897 -0.2494417 -0.6436493 -0.3926595 -0.2536911 -0.3850736 -0.423957 -0.2496356 -0.4000736 -0.3595517 -0.2345798 -0.3901451 -0.3555361 -0.1776049 -0.4192265 -0.3886831 -0.1992154 -0.4331379 -0.4263438 -0.2420385 -0.4330589 -0.3867858 -0.244751 -0.4297335 -0.4032394 -0.2309669 -0.4366913 -0.3995163 -0.2317965 -0.3944813 -0.4346352 -0.247818 -0.3745477 -0.4532123 -0.2490268 -0.3845062 -0.4592117 -0.2397324 -0.4052839 -0.4198607 -0.2557182 -0.3836813 -0.4509645 -0.2504848 -0.3751143 -0.4444772 -0.2487402 -0.4029818 -0.6587604 -0.2494613 -0.4255877 -0.5274084 -0.2467936 -0.3595079 -0.5046342 -0.249665 -0.4355421 -0.4154705 -0.2825173 -0.3890764 -0.4064344 -0.2809693 -0.3678577 -0.3997865 -0.2794696 -0.3908685 -0.4299005 -0.1996923 -0.431949 -0.4531713 -0.1777755 -0.3344652 -0.4609985 -0.1991917 -0.3601882 -0.4356356 -0.2032397 -0.3301113 -0.4583284 -0.1990547 -0.4035527 -0.3790575 -0.1744307 -0.3316012 -0.3824409 -0.1747359 -0.3663488 -0.4488 -0.1809211 -0.4270523 -0.3926379 -0.1530216 -0.3604299 -0.4072432 -0.2564814 -0.3678008 0.3310325 -0.2463265 -0.2810581 0.3231259 -0.2494203 -0.1313739 0.4096859 -0.2497148 -0.2734395 0.4184366 -0.2490645 -0.3650258 0.4322763 -0.2401625 -0.3375921 0.4327765 -0.2485957 -0.3448426 0.3626294 -0.2376649 -0.3354882 0.3743485 -0.2341706 -0.3427364 0.4102519 -0.2493534 -0.3363472 0.3860118 -0.2500038 -0.3415557 0.4483048 -0.2395902 -0.3295044 0.3535804 -0.200928 -0.3570206 0.3585422 -0.2434604 -0.4044733 0.4074279 -0.2550398 -0.3639249 0.4514197 -0.2497853 -0.3748556 0.5059093 -0.2497323 -0.4349533 0.4636765 -0.2438547 -0.395164 0.3588221 -0.1991221 -0.4047934 0.3832247 -0.2473932 -0.4260674 0.4472889 -0.2450729 -0.4068583 0.4065064 -0.28141 -0.3678042 0.4150959 -0.2825841 -0.3897567 0.3995888 -0.2796353 -0.3902157 0.4196181 -0.2555932 -0.3829761 0.4274536 -0.2418366 -0.4335886 0.3801776 -0.2335234 -0.4198329 0.4426503 -0.2486037 -0.3998536 0.3834202 -0.2445469 -0.4375858 0.437049 -0.2298921 -0.4061669 0.4215165 -0.2317343 -0.3700616 0.406665 -0.2495881 -0.4014788 0.3891094 -0.2316529 -0.3788222 0.3624171 -0.2465445 -0.3792406 0.4551774 -0.2332673 -0.3679063 0.4442968 -0.2481555 -0.3580647 0.4505255 -0.1797165 -0.4254111 0.4535182 -0.199347 -0.4150285 0.3936796 -0.1528795 -0.3609429 0.3822245 -0.1751877 -0.3655179 0.3663123 -0.1774831 -0.4356065 0.4055076 -0.1987656 -0.4398492 0.379212 -0.1738618 -0.3311147 0.4236971 -0.2021813 -0.320177 0.4537919 -0.1772319 -0.3353947 0.461443 -0.1990242 -0.362538 0.3910064 -0.2529541 -0.3820037 0.4146014 -0.2506768 -0.4217875 0.4307993 -0.2494344 -0.4804304 0.3847323 -0.2494311 -0.6437808 0.5290352 -0.2497808 -0.3597498 0.6548538 -0.2492024 -0.4232491 0.4000059 -0.2471809 -0.338343 0.3887274 -0.2497351 0.2235571 0.3205321 -0.2483604 0.1264358 0.3318095 -0.2497258 0.2782576 0.4034003 -0.2462469 0.355679 0.3845787 -0.2488682 0.3393221 0.3723092 -0.2336221 0.3461881 0.3664828 -0.2487674 0.361562 0.3644534 -0.2492678 0.3819656 0.3944006 -0.2570469 0.386959 0.3897984 -0.249428 0.4175475 0.3991575 -0.2315055 0.3645458 0.4296416 -0.2354266 0.3351631 0.4149861 -0.2556384 0.3585588 0.4509139 -0.2507278 0.3756487 0.4540337 -0.2323665 0.3634375 0.4560277 -0.2439569 0.3492395 0.4451933 -0.2489035 0.403039 0.4242351 -0.2312651 0.373445 0.4358835 -0.2484045 0.3808853 0.4548819 -0.2451331 0.3788857 0.4070779 -0.2473639 0.4033558 0.4019266 -0.2318891 0.3975362 0.3906 -0.2381709 0.426482 0.364425 -0.2361339 0.3968992 0.429421 -0.2375432 0.4262225 0.3700639 -0.1969739 0.4227896 0.3550056 -0.1995981 0.3963884 0.3464055 -0.177398 0.3695244 0.3546097 -0.20355 0.3524935 0.35156 -0.2378209 0.3531056 0.4074174 -0.1846243 0.3217758 0.4436269 -0.2038162 0.3308039 0.3995336 -0.2373625 0.3164886 0.4604336 -0.2384478 0.4043552 0.4256561 -0.2453641 0.4313708 0.4027274 -0.1784245 0.4407603 0.4487215 -0.1830681 0.4264228 0.4602311 -0.1992723 0.4065719 0.4626091 -0.1938472 0.3560625 0.3920553 -0.1602857 0.3586535 0.4107354 -0.1764845 0.3577895 0.3677617 -0.2376398 0.4302601 0.4325623 -0.2498633 0.4904735 0.3541019 -0.2497916 0.4998326 0.3884862 -0.248797 0.6485261 0.4201166 -0.2559674 0.3860622 0.40398 -0.2804923 0.3723376 0.4094443 -0.2818124 0.391543 0.4500621 -0.2490643 0.384181 0.4842448 -0.2441278 0.3932392 0.6601064 -0.2495038 0.4236541 0.5608051 -0.2499916 0.3726244 0.5137343 -0.2496881 0.4401624 -0.3193558 -0.2491861 0.1258893 -0.4091102 -0.2450879 0.3324241 -0.3360999 -0.249746 0.2930594 -0.3856533 -0.2497491 0.219418 -0.4091841 -0.2519972 0.3391061 -0.4199433 -0.2566377 0.3829004 -0.458405 -0.2379519 0.3951008 -0.4529855 -0.2436743 0.3611122 -0.4569808 -0.2414473 0.345795 -0.3653548 -0.2466509 0.3646849 -0.3835012 -0.2497466 0.3413055 -0.3602845 -0.2371465 0.3365507 -0.4417418 -0.1918154 0.3294215 -0.4119139 -0.1764513 0.3586139 -0.4665527 -0.1953243 0.3769283 -0.4012531 -0.2374925 0.4359157 -0.4210172 -0.2465167 0.4320971 -0.3891279 -0.249204 0.3840307 -0.4234308 -0.2453504 0.3274127 -0.4199643 -0.2365077 0.3668171 -0.4165235 -0.2316663 0.3266056 -0.3888617 -0.2463476 0.336507 -0.3883371 -0.231573 0.3788186 -0.4598207 -0.2386454 0.4128786 -0.4374663 -0.2484468 0.3785429 -0.4196724 -0.2319007 0.3920196 -0.452412 -0.2493254 0.3844658 -0.4427707 -0.2501528 0.3997203 -0.4057464 -0.2805224 0.369603 -0.3946078 -0.2571476 0.37077 -0.4067631 -0.2810615 0.3915043 -0.354252 -0.2376465 0.4102261 -0.3582714 -0.2309895 0.3737473 -0.38203 -0.1748468 0.365898 -0.4477271 -0.1860731 0.4265956 -0.3723734 -0.2007718 0.4092546 -0.3645419 -0.2469276 0.3782183 -0.3814231 -0.1895737 0.3296011 -0.3470416 -0.1773925 0.3940426 -0.3912374 -0.1543662 0.3603603 -0.3478027 -0.2027386 0.3850486 -0.3910945 -0.1920632 0.4407265 -0.5177342 -0.2497034 0.4389477 -0.5350703 -0.2461328 0.3670878 -0.6548324 -0.2495774 0.4208015 -0.4602575 -0.2422824 0.3737415 -0.352396 -0.2496185 0.4928188 -0.3879773 -0.2466157 0.4184487 -0.3905509 -0.2492687 0.643724 -0.406443 -0.25533 0.3999404</float_array>
          <technique_common>
            <accessor source="#root_0-mesh-positions-array" count="467" stride="3">
              <param name="X" type="float"/>
              <param name="Y" type="float"/>
              <param name="Z" type="float"/>
            </accessor>
          </technique_common>
        </source>
        <source id="root_0-mesh-normals">
          <float_array id="root_0-mesh-normals-array" count="1401">-0.6991146 -0.5293059 0.4807016 -0.2170433 0.2370335 0.9469464 0.4689918 -0.6730399 0.571895 -0.6234155 -0.6031941 -0.4975038 -0.5919049 0.20152 0.780409 -0.6747354 0.7354512 -0.06199765 0.1281822 -0.8740705 0.468583 0.3782026 0.5315943 0.7578723 -0.559027 0.8278777 0.04590821 -0.8143497 -0.4702518 -0.340144 0.4747214 -0.6992648 0.5344796 -0.520995 0.2796411 0.8064522 -0.2828271 -0.9292624 -0.2376555 -0.01560705 -0.9983145 0.05589729 -0.6222317 0.7796404 -0.07063013 -0.98716 -0.1555158 -0.0364716 -0.560932 0.8232508 0.08725512 0.05659246 -0.6462335 0.7610386 0.7553303 -0.6530306 0.05502039 0.5375562 -0.6444303 0.5438226 0.9264722 -0.00154221 0.3763601 0.5705928 -0.01606905 0.8210759 0.8933659 -0.02378892 0.4486998 0.5055601 -0.01988863 0.8625623 -0.1168521 0.9442647 0.3077499 0.1394114 0.9851602 0.100119 0.03805315 0.9975072 0.05942761 0.001723825 0.9985937 0.05298763 0.1393083 0.9890109 0.04950374 -0.6806131 0.5528336 -0.4807713 -0.2351028 0.9710034 0.04335027 0.02748018 0.9993962 -0.02126872 -0.04026097 0.9981786 -0.0449289 0.6687495 0.6823366 -0.295281 0.7608355 0.5632996 0.3222157 0.2768962 0.522752 0.8062623 -0.07685619 0.9952113 -0.06039625 0.1729039 0.9477013 -0.2682657 0.7646206 0.517439 -0.3842036 -0.4241979 0.5351194 0.7305501 0.4110745 0.7259815 0.5513334 0.3166319 0.6505315 -0.6903282 0.8611515 0.1676688 0.4799013 0.4872341 0.148878 0.8604872 -0.07161957 0.9970401 -0.02796113 -0.1277363 0.7078985 -0.6946676 0.9811125 0.1782912 -0.07503837 -0.8020124 0.5872117 -0.1093562 -0.9185008 0.2810425 0.2781573 -0.1187406 0.1641393 0.9792645 -0.7305315 0.1956025 0.6542657 -0.5132184 0.4681634 -0.719326 0.1100894 0.2061079 -0.9723168 0.5076972 0.2105784 -0.8354042 0.8106582 0.1026802 -0.5764461 -0.5087695 0.03268879 0.8602819 0.5630233 0.002730727 0.8264366 -0.3083894 0.1625735 -0.9372651 -0.9692667 0.1495777 -0.1953169 -0.7563256 0.1823997 -0.6282532 -0.4418898 -0.004054844 0.8970602 0.8954052 0.003930807 0.4452348 0.08365452 2.25579e-4 0.9964949 -0.830372 -0.001204192 0.5572083 0.5470912 0.003626823 -0.8370652 0.9996427 -3.34189e-4 0.02672761 0.9133213 -0.001632332 -0.4072366 -0.9907099 0.002467036 0.1359703 0.863178 0.01084464 0.5047835 -0.9267018 0.002287149 -0.3757908 0.4413865 0.008693754 0.897275 0.7180771 -0.6594255 -0.2225382 0.7823935 0.2073055 0.587269 -0.5538136 -0.6018999 0.5753321 0.7000061 0.710418 -0.07278656 -0.3817675 0.5186738 0.765004 0.05846863 -0.9943317 -0.08880394 0.8515515 -0.3534944 -0.3871717 0.5437355 0.833467 0.09841114 -0.2532072 -0.8957193 0.3654766 -0.6311847 -0.3618159 0.6860722 0.7126045 0.6003623 -0.3629876 -0.2516429 0.6230487 0.7405985 0.02051413 -0.9996638 -0.01585608 0.9640826 -0.1671587 -0.2064045 0.7148779 0.6485192 -0.2614815 0.5491814 -0.3607142 0.753847 0.7414263 0.07250827 0.6671054 0.9914801 0.05987012 -0.1156837 0.9980283 -0.006078243 0.06247144 -0.01115673 0.02651649 0.9995862 -0.02398985 -8.01617e-4 0.999712 0.2521796 0.2619273 0.9315577 0.3756309 -0.1804313 0.9090359 0.9869824 -0.1558691 0.03963094 -0.01602977 0.001578748 -0.9998704 -0.3440971 0.5051334 0.7914781 0.08667868 -0.02267062 0.9959784 0.9395524 0.01013624 -0.3422554 0.1845273 -0.8783298 0.4410061 0.9557721 0.2940877 0.003495872 0.5948305 0.4761305 -0.6476702 0.5063865 -0.8609458 0.0484268 -0.4666102 0.009651303 0.8844105 -0.5595697 -2.5009e-4 -0.8287833 0.680408 0.1361984 0.720066 0.7985057 0.5960255 0.08451348 0.9999599 -0.007691502 -0.004589796 -0.8842793 0.01628857 0.4666744 -0.3817151 -0.6475687 0.6595062 0.9216793 -0.003992259 -0.3879325 0.9695029 0.2240891 0.09923821 0.7293836 0.01481747 -0.6839445 0.5935341 0.5029917 0.6282649 -0.2317577 -0.6783655 -0.6972149 0.6086778 0.209421 -0.7652806 0.8691371 -0.3594157 0.3397368 0.646086 0.7628497 0.02516365 -0.401572 0.5586104 -0.7257372 0.5492384 -0.7877013 0.2790413 0.9016223 -0.01177054 0.4323641 -0.5198237 -0.7004701 -0.489004 0.6203392 -0.4250185 0.6591955 0.5406687 0.8373621 -0.08063626 0.02281314 -0.99795 0.059794 -0.2139087 0.6577155 -0.7222558 -0.6485479 -0.2384151 -0.722872 0.7017086 0.6518538 0.2875618 0.5187469 0.2628389 -0.8135216 0.6215817 -0.6269081 -0.4697048 -0.5366571 0.1764423 0.8251469 -0.3815397 -0.1414391 0.9134673 0.8991448 0.2685782 -0.3455495 0.9588946 -0.259868 -0.1139738 -0.05357086 -0.007181823 0.9985383 0.4426528 -0.3493508 -0.8258405 0.1380223 -0.6532936 -0.7444176 0.8863229 -0.01808261 -0.4627148 0.03021901 -8.8194e-4 -0.9995429 -0.2243042 -0.8613293 0.4558506 0.4266175 0.4975503 0.7552757 -0.5104753 -0.008128225 0.859854 -0.7068523 0.5876528 0.393731 -0.6998018 -0.6418585 0.3135209 0.425096 0.001985728 -0.9051461 -0.7096831 -0.6498672 -0.2720707 -0.8972476 0.2672675 0.3514469 -0.8586572 0.01389902 -0.512362 -0.4504382 0.005919218 -0.8927881 -0.5324935 -0.01562911 0.8462898 -0.9982649 -0.001365184 -0.05886727 0.3980022 -0.007450819 -0.9173542 -0.8766783 0.002839565 0.4810689 0.2299804 0.2403985 -0.9430364 0.5109957 -0.01693749 -0.8594164 -0.3783077 -0.6181356 -0.6890515 -0.3620817 0.513297 -0.7780894 0.1707593 -0.885629 -0.4318595 -0.9095971 -0.03352993 0.4141362 0.2988476 -0.1625718 -0.9403513 -0.9914198 0.003397941 -0.1306723 -0.2373473 -0.005500912 -0.9714094 0.7687622 0.5728262 -0.2843853 0.5741119 0.1870754 -0.7971188 -0.7314177 0.01922738 -0.6816588 -0.9700784 0.2004632 -0.1369763 -0.01778614 0.002977252 -0.9998375 -0.9839507 -0.1773846 -0.01938408 -0.593102 0.463543 -0.6582994 -0.5014707 -0.8648035 0.02534133 -0.9794123 0.1980253 0.03921061 -0.9770514 -0.02811914 -0.2111395 -0.3774904 0.06716144 -0.9235748 -0.2849097 -0.1489636 -0.9469089 -0.5898631 -0.02345925 -0.8071626 -0.6714407 0.3976595 0.6253274 -0.1738953 -0.8318066 -0.5271226 -0.5168374 0.2562648 -0.8168277 0.2693767 0.4958265 -0.825586 -0.8791693 0.2870866 -0.3803194 -0.983967 -0.1651406 0.06736207 -0.1507943 0.2277894 -0.9619631 -0.7180656 -0.5418086 -0.4368357 0.2895543 0.5950331 -0.7497292 -0.1200847 -0.1990361 -0.972607 -0.6628618 0.7240141 0.1908349 -0.4554925 -0.6806009 0.5738546 0.1978195 -0.9630413 -0.1828085 0.6463045 -0.3083562 -0.6980021 -0.2053452 0.8709079 -0.4464895 -0.7970098 -0.5012623 0.3369147 -0.6033248 0.7972833 0.01840132 0.3551592 0.5734848 -0.7382256 0.3292773 -0.7049966 -0.6281372 -0.6754637 0.7317628 0.0909512 -0.5190049 -0.8506138 0.08420282 -0.5676791 0.1477262 -0.8098873 -0.8552843 -0.5014237 0.1306254 -0.7676569 0.6021614 -0.2193276 -0.8852683 -0.2169378 -0.4113855 -0.9790042 -0.1338319 0.1537526 -0.6893245 -0.2463647 0.6812755 -0.5839914 0.6041722 0.5421532 -0.6015644 -0.1432057 -0.7858833 -0.9073536 -0.2181084 -0.3593583 -0.9526411 -0.2709562 0.1380502 -0.5247865 -0.8512279 -0.003212988 -0.2622429 -0.1520447 0.9529487 0.08078902 0.641866 0.7625491 -0.009581089 -0.2460259 0.9692159 0.2171337 -0.1706486 0.9611099 -0.8894283 0.01927626 -0.4566681 -0.3993377 -0.07697546 0.9135668 -0.1709684 -0.970532 0.1698161 -0.4240263 -0.8152984 -0.3943225 0.5473238 -0.7774476 0.309858 0.2108301 -0.2839007 0.9353883 0.9103175 -0.4050762 -0.08506125 0.5881702 0.6530088 0.4771114 0.6000159 -0.1855128 0.7781811 0.1857141 -0.1439236 -0.9720064 -0.2110799 -0.2127926 -0.9540255 -0.2720419 0.637024 -0.7212446 0.5116239 -0.8067159 -0.2957206 0.1959332 -0.2616399 -0.9450687 -0.992335 -0.06237387 -0.1066808 -0.7409752 -0.631969 0.2270927 0.1303124 -0.9862617 -0.101521 0.7778356 -0.6047786 -0.1709232 -0.186914 -0.979347 -0.07708889 0.5627635 -0.8263653 0.02043998 0.1941424 -0.974263 0.1145451 -0.01234382 -0.9800595 -0.1983211 0.121465 -0.9781938 0.1684727 -0.3588709 -0.2916164 0.8866631 -0.5021107 -0.03864866 0.8639394 -0.1433493 -0.2499237 0.9575955 0.9089446 -0.1437348 0.3913567 0.9750049 -0.2053418 0.08485418 0.7827125 0.6046043 -0.1476986 0.06997787 -0.0434848 -0.9966003 0.6591112 -0.175935 -0.7311768 -0.2395881 -0.2627224 -0.934652 0.3887465 0.6439422 -0.6589498 0.8924655 -0.1963491 -0.4061433 0.9540587 -0.2439849 -0.1739064 0.9539953 -0.2752255 0.1189283 -0.1920485 -0.9468373 0.2581017 0.1916852 -0.969056 -0.1555228 0.2622594 -0.04154998 -0.9641026 -0.9248866 -0.3696577 -0.08909606 -0.1444153 -0.9714295 -0.1883322 -0.05529862 -0.4061959 0.9121113 0.9498548 -0.2447115 0.1946589 0.9501408 -0.3047533 -0.06601506 0.7036722 -0.1790339 0.687599 0.09434795 -0.9907094 0.09794598 -0.01772236 0.9991903 -0.03612184 -0.927134 -0.06644177 0.368793 0.3279104 -0.008733987 0.9446685 0.9447746 -0.0685265 -0.3204767 0.5811625 0.8012915 0.1420638 -0.2918878 -0.7008889 0.650812 0.9434029 0.1591632 0.2909607 0.8826838 -0.2242193 -0.4130318 0.7010914 0.4708087 -0.5355466 0.6486253 -0.7265466 -0.2267497 0.3592059 -0.2342153 0.9033905 -0.9102728 0.3852515 -0.1516074 -0.2809709 0.9553976 -0.09094464 -0.01486629 -0.9243511 0.3812533 0.6564207 -0.4851594 -0.5776956 -0.2324432 -0.6802381 0.6951591 -0.05910837 0.9521604 -0.2998284 -0.3085068 -0.9300616 -0.1995222 0.3045297 -0.678444 0.6685622 -0.6435637 -0.724034 0.2481946 -0.468236 -0.2925274 0.8337762 -0.1146665 0.9925133 0.04205846 0.5971435 -0.4845116 -0.6392716 -0.5266509 -0.8311565 -0.1783757 0.02782016 -0.9908704 0.1319168 -0.5981422 -0.7810536 0.1793919 0.6572608 -0.7444266 0.1176327 -0.7422389 -0.4877767 0.4595164 -0.5834728 0.8048471 -0.1085391 -0.4978783 -0.1826031 -0.847805 0.3621763 0.4707664 -0.8044921 -0.03415411 -0.1338486 -0.9904131 0.06325787 -0.008419156 -0.9979617 0.5967146 -0.7316311 -0.3296176 0.236175 0.9611685 -0.1427465 -0.0680086 0.982302 -0.1745219 -0.03467667 -0.5697582 0.8210806 0.3016519 0.1101782 -0.9470306 -0.3081042 0.02520328 -0.9510188 0.2466019 -0.8989336 -0.3620858 -0.703107 -0.6288029 -0.3320354 0.03393566 -0.005751729 -0.9994075 -0.2463892 0.07114171 0.9665564 -0.9773795 -0.00413382 -0.2114532 -0.6353512 -0.6221129 -0.457498 0.07541412 -0.5426297 0.8365798 0.6409496 -0.4602313 -0.6143052 -0.9412056 0.1329911 -0.3105566 -0.9716234 0.1173721 0.2053576 -0.5887303 0.4787838 -0.6512778 -0.4857869 -0.1145626 0.8665372 -0.6271635 0.5324075 0.5685141 0.4017993 0.6507479 0.6442706 0.3879305 0.8950792 -0.2198712 0.01979207 0.9927821 0.1182876 -0.2926188 -0.005517542 0.9562134 0.89624 -0.01389092 0.4433519 -0.9610756 0.07334625 -0.2663722 0.001802086 -0.6171833 0.7868174 0.006397306 -0.9362388 0.3513061 -0.3270149 -0.8817148 0.3400593 -0.04140621 0.9961615 0.07712239 -0.2734112 0.6866938 0.6735711 -0.2062712 -0.9769319 0.05528348 -0.06971633 0.9878988 0.1385486 -0.934759 -0.3521031 -0.04742288 0.2232064 -0.9711726 0.08368301 -0.7997134 -0.5771397 -0.1654338 -0.04879218 -0.8819214 0.4688647 0.6854446 -0.6945629 -0.2185133 -0.6261795 -0.3759738 0.6830396 0.5592834 -0.5432938 0.6261262 0.5453062 -0.4593042 0.7011995 0.1407477 0.07054454 0.9875291 -0.6873307 -0.6517198 -0.3206832 0.6129586 -0.4341918 0.6601208 0.4825212 0.8507046 -0.2085066 -0.02362287 -0.06572312 -0.9975582 -0.6024556 0.3324414 -0.7256239 0.07743847 -0.8055985 0.5873793 0.720629 -0.6841878 0.1121651 0.6630739 0.5101668 0.54778 -0.4540064 0.524556 0.7202216 -0.9147153 0.2328634 0.3302584 -0.9273158 -0.006822586 -0.374218 -0.407521 -0.6606494 -0.6304515 0.204632 -0.7506863 -0.6281688 0.04193198 0.2576212 -0.9653357 -0.6556612 -0.4487972 -0.6071981 -0.06064307 -0.6014971 0.7965701 0.6052857 -0.6004118 -0.5226231 0.3250908 -0.936917 -0.1284633 0.4816197 -0.4205836 -0.7688641 0.198643 -0.978721 0.05144011 -0.4131309 -0.8523792 0.3205819 -0.6341391 0.7719202 0.04479992 -0.2966247 -0.9545786 -0.02817082 0.8154062 9.57339e-4 -0.5788887 0.5396957 0.4358797 -0.7202343 0.9761098 0.116885 0.1831602 -0.5645076 0.4006341 -0.7216811 -0.01844954 0.9955725 0.09216892 -0.3434705 0.9131473 -0.2195224 0.9952884 -0.05605226 -0.07911479 -0.08792978 -0.01101654 -0.9960657 0.2788769 -0.04924446 0.9590634 0.9840707 -0.00669986 -0.1776517 -0.3376051 0.004148483 -0.9412787 0.7978774 -0.03316235 -0.601907 -0.9958031 -0.01541167 0.09021508 0.2855588 0.9158683 -0.2822082 0.4004565 -0.5869609 -0.7036416 -0.58464 -0.7911764 0.1795442 0.5217474 -0.440563 0.7305368 0.8814001 -0.1829198 -0.4355162 -0.5491067 -0.8265873 -0.1234322 -0.8433844 -0.4412713 -0.3065657 -0.5869097 -0.4370509 0.6815597 0.3283709 -0.7041389 0.6295721 -0.3591096 -0.9116066 0.2000347 -0.7687869 -0.3683549 0.5227634 0.3705134 -0.9031531 0.2168743 -0.06016492 -0.667899 0.7418161 -0.05229693 0.9723454 0.227617 -0.1510385 -0.9830182 0.1042236 -0.4170652 -0.2535662 0.8727892 0.6514036 -0.7173911 -0.2470292 0.08666008 0.9962379 1.82318e-5 0.5786621 -0.4610697 -0.6727295 0.9291725 -0.3635749 0.06672155 0.5980863 0.6091865 0.5207539 -0.6616583 -0.7493413 0.02638262 0.5572241 -0.7800706 -0.2845895 0.7072801 -0.6389799 0.3024227 0.2918499 -0.9222385 -0.2535741 -0.1860528 -0.9729267 -0.1371066 -0.0937072 -0.4498603 -0.8881694 -0.6555328 -0.3515807 -0.6683322 0.1426132 -0.9553169 -0.258904 -0.8474174 0.5271301 -0.06338465 -0.9598364 -0.03773468 0.2780115 -0.6154893 0.5339829 0.5796855 -0.8648962 0.0771445 -0.4959873 0.01397478 0.566854 -0.8236998 0.566578 0.188376 -0.8021869 0.5383917 0.5989302 0.5928044 -0.1327014 0.8354437 0.5333144 0.8205931 0.4944525 -0.2866072 0.9500059 0.187603 0.2495879 0.5020406 0.8355633 -0.2231354 -9.56524e-4 0.985805 -0.1678915 0.9982528 -0.03235554 0.04944264 -0.999087 -0.02150779 0.03691399 -0.03982579 0.002446949 0.9992036 0.1750625 -0.7802079 0.6005237 -0.2038601 -0.8212229 -0.5329486 -0.03927654 0.9961532 -0.07833468 0.3644997 -0.05832993 -0.9293749 -0.05752348 -0.04888015 0.9971469 0.9841491 -0.008330821 0.1771476 -0.8286203 -0.05545878 -0.5570573 -0.5274624 0.682167 -0.5063909 0.3664159 -0.00329256 -0.9304454 0.9744906 -0.02516746 0.2230129 -0.2358714 -0.9375069 -0.2558233 0.3210401 -0.8926284 -0.3164617 -0.7191605 -0.5465366 -0.4290759 0.4699827 -0.6949442 -0.5442141 0.2744299 -0.9461623 -0.1716541 -0.3535936 0.6687461 -0.6540262 0.6744335 -0.3757143 0.6355928 -0.5227622 -0.8249606 -0.2148485 -0.8935264 -0.4187281 0.1621029 -0.1418684 -0.9434857 0.2995132 0.5216799 -0.8528876 -0.02080768 -0.7642093 -0.4785768 0.4323753 -0.8748899 0.4788993 -0.07227206 -0.05744755 -0.7519964 -0.6566591 0.682609 -0.3416858 -0.6459843 -0.4388732 0.5062478 -0.7423635 -0.5220275 0.5880855 0.6177726 -0.01671236 -0.9566252 0.290842 0.1037479 -0.6877655 0.7184811 -0.1823152 -0.8106425 0.5564352 0.06318098 -0.9317101 0.3576652 0.4256498 -0.7794349 -0.4596775 0.3961152 -0.3918913 -0.8303698 0.215683 -0.973264 -0.07898062 -0.459542 0.8745552 0.1548367 0.08667588 -0.64914 0.7557147 -0.8272395 -0.5604662 0.03940433 -0.03898739 -0.007564902 0.9992111 0.9251748 -0.03603357 0.3778271 -0.2300172 0.7676472 0.5981721 0.03095847 -0.8336724 0.551391 0.008656799 -0.7327814 -0.6804091 0.7758566 -0.4540969 0.4379984 0.4830548 -0.6346999 -0.60317 -0.2976887 0.860922 -0.4125468 0.3363062 0.4788095 -0.8109499 0.3586569 0.8479538 -0.3903071 0.3308011 0.9300003 -0.1602194 0.2425085 0.4794864 0.8433756 0.775515 0.5793823 0.2507842 0.9987186 0.04128658 0.0292716 0.6103755 0.7464925 0.2649355 0.2878581 -0.8527157 0.4359058 0.3937225 1.2594e-4 0.9192294 0.9844938 0.02099746 -0.1741584 0.0725485 0.06767547 -0.9950662</float_array>
          <technique_common>
            <accessor source="#root_0-mesh-normals-array" count="467" stride="3">
              <param name="X" type="float"/>
              <param name="Y" type="float"/>
              <param name="Z" type="float"/>
            </accessor>
          </technique_common>
        </source>
        <source id="root_0-mesh-map-0">
          <float_array id="root_0-mesh-map-0-array" count="5988">0.6338664 0.703378 0.6568586 0.6840937 0.6477575 0.6982749 0.8833743 0.1427382 0.8660113 0.1407369 0.8641241 0.1267654 0.8553218 0.3221962 0.8541961 0.3022282 0.8623445 0.3020428 0.8788284 0.3230029 0.8553218 0.3221962 0.8766496 0.3162758 0.8766496 0.3162758 0.8553218 0.3221962 0.8623445 0.3020428 0.8788284 0.3230029 0.8766496 0.3162758 0.889671 0.3214978 0.8833743 0.1427382 0.8641241 0.1267654 0.889151 0.1394912 0.889151 0.1394912 0.8641241 0.1267654 0.8883102 0.1334436 0.8766496 0.3162758 0.8623445 0.3020428 0.8742365 0.2950814 0.8742365 0.2950814 0.8623445 0.3020428 0.8649123 0.2896485 0.6757596 0.8234072 0.6588255 0.8381423 0.6887348 0.7895124 0.8742365 0.2950814 0.8649123 0.2896485 0.8707882 0.2840963 0.8883102 0.1334436 0.8641241 0.1267654 0.8596095 0.08988821 0.6887348 0.7895124 0.6588255 0.8381423 0.6387537 0.8298502 0.6387537 0.8298502 0.6310113 0.8266457 0.633735 0.8177807 0.6757596 0.8234072 0.6887348 0.7895124 0.6921178 0.8015137 0.8883102 0.1334436 0.8596095 0.08988821 0.8766842 0.04402953 0.9398726 0.09369838 0.9085859 0.127911 0.9012803 0.1246424 0.8766842 0.04402953 0.8826053 0.004698693 0.8891873 0.006031215 0.6477575 0.6982749 0.7033191 0.7442285 0.6387537 0.8298502 0.2897996 0.7424533 0.2397792 0.6835681 0.2715118 0.70841 0.2715118 0.70841 0.2902393 0.672231 0.3135867 0.7024369 0.2902393 0.672231 0.3399063 0.655012 0.3651303 0.6919854 0.8184277 0.9333723 0.8084549 0.9105191 0.8208221 0.9218725 0.8292952 0.9047682 0.8208221 0.9218725 0.8084549 0.9105191 0.7887066 0.9106392 0.7977944 0.9042941 0.7925426 0.9407675 0.7977944 0.9042941 0.7887066 0.9106392 0.814088 0.8804161 0.7977944 0.9042941 0.8084549 0.9105191 0.8184277 0.9333723 0.8266913 0.9186244 0.8208221 0.9218725 0.8292952 0.9047682 0.8292952 0.9047682 0.8084549 0.9105191 0.7977944 0.9042941 0.8104986 0.9470458 0.7977944 0.9042941 0.8184277 0.9333723 0.05928778 0.02817732 0.08906304 0.008337974 0.09536659 0.04445981 0.7925426 0.9407675 0.7977944 0.9042941 0.8104986 0.9470458 0.8266913 0.9186244 0.8292952 0.9047682 0.8418459 0.9227424 0.7977944 0.9042941 0.814088 0.8804161 0.8340155 0.8877325 0.8208221 0.9218725 0.8266913 0.9186244 0.8418459 0.9227424 0.814088 0.8804161 0.7944312 0.8761277 0.7920104 0.8553575 0.7977944 0.9042941 0.8340155 0.8877325 0.8292952 0.9047682 0.814088 0.8804161 0.7920104 0.8553575 0.8321375 0.844533 0.8184277 0.9333723 0.8208221 0.9218725 0.8418459 0.9227424 0.8418459 0.9227424 0.8292952 0.9047682 0.8340155 0.8877325 0.08906304 0.008337974 0.1317648 0.01238858 0.1377816 0.04017931 0.4748787 0.6166762 0.4868671 0.6122671 0.482389 0.617707 0.8418459 0.9227424 0.8340155 0.8877325 0.8567854 0.9204092 0.4868671 0.6122671 0.4748787 0.6166762 0.4885492 0.6008475 0.8321375 0.844533 0.8598505 0.8631051 0.814088 0.8804161 0.1377816 0.04017931 0.09536659 0.04445981 0.08906304 0.008337974 0.8340155 0.8877325 0.814088 0.8804161 0.8598505 0.8631051 0.05928778 0.02817732 0.09536659 0.04445981 0.04923802 0.07648819 0.04923802 0.07648819 0.09536659 0.04445981 0.08802318 0.08217287 0.8567854 0.9204092 0.8340155 0.8877325 0.8625851 0.9177761 0.4863535 0.5890056 0.4885492 0.6008475 0.4528864 0.6090263 0.4528864 0.6090263 0.4885492 0.6008475 0.4706 0.6136659 0.8340155 0.8877325 0.8598505 0.8631051 0.8625851 0.9177761 0.8754594 0.8898084 0.8625851 0.9177761 0.8598505 0.8631051 0.8321375 0.844533 0.7920104 0.8553575 0.809927 0.8136916 0.4510473 0.5745367 0.4863535 0.5890056 0.4528864 0.6090263 0.809927 0.8136916 0.7920104 0.8553575 0.7880653 0.8287091 0.4578691 0.5383262 0.4917354 0.5610221 0.4863535 0.5890056 0.08802318 0.08217287 0.09536659 0.04445981 0.1240296 0.08085721 0.4578691 0.5383262 0.4863535 0.5890056 0.4510473 0.5745367 0.09536659 0.04445981 0.1377816 0.04017931 0.1240296 0.08085721 0.4798898 0.5185707 0.4915249 0.5544238 0.4578691 0.5383262 0.4528864 0.6090263 0.4286055 0.6089606 0.4103034 0.5876685 0.1240296 0.08085721 0.1377816 0.04017931 0.164607 0.07871472 0.4528864 0.6090263 0.4103034 0.5876685 0.4510473 0.5745367 0.8754594 0.8898084 0.8598505 0.8631051 0.890749 0.841422 0.8662337 0.8243188 0.8598505 0.8631051 0.8321375 0.844533 0.890749 0.841422 0.8598505 0.8631051 0.8662337 0.8243188 0.8543326 0.8113262 0.8662337 0.8243188 0.8321375 0.844533 0.1240296 0.08085721 0.164607 0.07871472 0.1490498 0.1096383 0.04923802 0.07648819 0.08802318 0.08217287 0.07640564 0.2387142 0.8990427 0.8697686 0.8964421 0.8783509 0.8754594 0.8898084 0.8543326 0.8113262 0.8321375 0.844533 0.809927 0.8136916 0.8754594 0.8898084 0.8934259 0.8598534 0.8990427 0.8697686 0.4578691 0.5383262 0.4510473 0.5745367 0.434876 0.5379821 0.4070378 0.5564027 0.4510473 0.5745367 0.4103034 0.5876685 0.434876 0.5379821 0.4510473 0.5745367 0.4070378 0.5564027 0.1437634 0.2395777 0.1240296 0.08085721 0.1490498 0.1096383 0.4070378 0.5564027 0.4103034 0.5876685 0.3714666 0.5750101 0.04923802 0.07648819 0.07640564 0.2387142 0.04310375 0.2383317 0.04310375 0.2383317 0.01725339 0.1336984 0.04923802 0.07648819 0.08802318 0.08217287 0.1240296 0.08085721 0.1087219 0.2375387 0.1490498 0.1096383 0.164607 0.07871472 0.1803483 0.2401055 0.1087219 0.2375387 0.1240296 0.08085721 0.1437634 0.2395777 0.2949058 0.5833587 0.2642236 0.487185 0.3091897 0.5824012 0.01725339 0.1336984 0.04310375 0.2383317 0.01478725 0.2381238 0.240473 0.540915 0.2831939 0.5909637 0.2361477 0.5405977 0.1087219 0.2375387 0.07640564 0.2387142 0.08802318 0.08217287 0.3832433 0.3748634 0.4578691 0.5383262 0.434876 0.5379821 0.04310375 0.2383317 0.07640564 0.2387142 0.04610824 0.3624976 0.01725339 0.1336984 0.01478725 0.2381238 0.004041373 0.2372552 0.1803483 0.2401055 0.1870872 0.1590517 0.1919697 0.1753318 0.35539 0.4017438 0.3832433 0.3748634 0.434876 0.5379821 0.08322632 0.3628308 0.04610824 0.3624976 0.07640564 0.2387142 0.08322632 0.3628308 0.07640564 0.2387142 0.1087219 0.2375387 0.2429971 0.3187377 0.2433679 0.25409 0.281406 0.258028 0.7017749 0.3350602 0.7190948 0.3296798 0.7028687 0.339003 0.7100669 0.2593206 0.7110112 0.2332109 0.7150484 0.2460398 0.7190948 0.3296798 0.7166198 0.3547202 0.7028687 0.339003 0.6877938 0.2461047 0.7110112 0.2332109 0.7100669 0.2593206 0.7100669 0.2593206 0.6948019 0.2541531 0.6877938 0.2461047 0.6907296 0.2337124 0.7110112 0.2332109 0.6877938 0.2461047 0.7028687 0.339003 0.7166198 0.3547202 0.6952267 0.3441483 0.7209689 0.3539363 0.7194358 0.3981368 0.7166198 0.3547202 0.6948019 0.2541531 0.6874033 0.2504768 0.6877938 0.2461047 0.6952267 0.3441483 0.7166198 0.3547202 0.6837623 0.3680387 0.6734722 0.2253589 0.6907296 0.2337124 0.6877938 0.2461047 0.7110112 0.2332109 0.6907296 0.2337124 0.7122184 0.1891204 0.6837623 0.3680387 0.7166198 0.3547202 0.6655154 0.4171996 0.7091775 0.1571946 0.7122184 0.1891204 0.6907296 0.2337124 0.7194358 0.3981368 0.7134673 0.4684326 0.7166198 0.3547202 0.6411837 0.1624093 0.6907296 0.2337124 0.6734722 0.2253589 0.6837623 0.3680387 0.6655154 0.4171996 0.6520751 0.4200077 0.6655154 0.4171996 0.7166198 0.3547202 0.7134673 0.4684326 0.7105134 0.1414134 0.7122184 0.1891204 0.7091775 0.1571946 0.7091775 0.1571946 0.6907296 0.2337124 0.6199638 0.1135668 0.6199638 0.1135668 0.6907296 0.2337124 0.6411837 0.1624093 0.7090147 0.1301607 0.7091775 0.1571946 0.7045545 0.1004481 0.7091775 0.1571946 0.6199638 0.1135668 0.7045545 0.1004481 0.6520751 0.4200077 0.6655154 0.4171996 0.622399 0.4703809 0.7134673 0.4684326 0.7141663 0.4957239 0.7067059 0.5325173 0.6655154 0.4171996 0.7134673 0.4684326 0.7067059 0.5325173 0.7045545 0.1004481 0.6594243 0.08500778 0.6969142 0.05396449 0.04610824 0.3624976 0.01417189 0.3422464 0.04310375 0.2383317 0.6594243 0.08500778 0.7045545 0.1004481 0.6199638 0.1135668 0.6579526 0.4973515 0.6655154 0.4171996 0.7067059 0.5325173 0.08322632 0.3628308 0.1087219 0.2375387 0.1129567 0.3631606 0.35539 0.4017438 0.434876 0.5379821 0.4070378 0.5564027 0.01478725 0.2381238 0.04310375 0.2383317 0.01417189 0.3422464 0.6969142 0.05396449 0.6594243 0.08500778 0.7040044 0.01948815 0.1490498 0.1096383 0.1803483 0.2401055 0.1437634 0.2395777 0.7067059 0.5325173 0.7197909 0.5649449 0.6953348 0.5647416 0.6579526 0.4973515 0.7067059 0.5325173 0.6953348 0.5647416 0.1437634 0.2395777 0.1129567 0.3631606 0.1087219 0.2375387 0.1803483 0.2401055 0.1960831 0.1917459 0.2016965 0.2530522 0.7040044 0.01948815 0.6594243 0.08500778 0.6197758 0.09623593 0.6290327 0.4859235 0.6953348 0.5647416 0.6464309 0.5240221 0.6519923 0.03378963 0.6766456 0.01367026 0.7040044 0.01948815 0.6199638 0.1135668 0.6411837 0.1624093 0.6161554 0.1244619 0.6655154 0.4171996 0.6579526 0.4973515 0.622399 0.4703809 0.6519923 0.03378963 0.7040044 0.01948815 0.6197758 0.09623593 0.6579526 0.4973515 0.6953348 0.5647416 0.6290327 0.4859235 0.2902393 0.672231 0.2715118 0.70841 0.2397792 0.6835681 0.3135867 0.7024369 0.2902393 0.672231 0.3651303 0.6919854 0.3651303 0.6919854 0.3399063 0.655012 0.3702142 0.6612673 0.2860364 0.4346461 0.3714666 0.5750101 0.346437 0.584329 0.6455538 0.5992009 0.6965699 0.596705 0.6535493 0.6010217 0.6594243 0.08500778 0.6199638 0.1135668 0.6197758 0.09623593 0.2897996 0.7424533 0.2715118 0.70841 0.3265824 0.734578 0.2715118 0.70841 0.3135867 0.7024369 0.3265824 0.734578 0.01478725 0.2381238 0.01417189 0.3422464 0.001158893 0.2980744 0.630193 0.4792183 0.6579526 0.4973515 0.6290327 0.4859235 0.6535493 0.6010217 0.6965699 0.596705 0.6928909 0.5991976 0.2433679 0.25409 0.221924 0.2427533 0.2331145 0.139404 0.2860364 0.4346461 0.346437 0.584329 0.3091897 0.5824012 0.6108062 0.08963572 0.6519923 0.03378963 0.6197758 0.09623593 0.1349425 0.4883984 0.1148287 0.525314 0.1323245 0.4950983 0.3662129 0.6472268 0.3702142 0.6612673 0.3399063 0.655012 0.1129567 0.3631606 0.1437634 0.2395777 0.1410253 0.3633558 0.3714666 0.5750101 0.3181862 0.4181472 0.4070378 0.5564027 0.2860364 0.4346461 0.3091897 0.5824012 0.2642236 0.487185 0.1349425 0.4883984 0.1158839 0.5336694 0.1148287 0.525314 0.6619181 0.623158 0.6928909 0.5991976 0.6965699 0.596705 0.6535493 0.6010217 0.6928909 0.5991976 0.6575579 0.6184162 0.6464309 0.5240221 0.6953348 0.5647416 0.641248 0.5344843 0.3399063 0.655012 0.2902393 0.672231 0.3253377 0.632442 0.6171476 0.6213136 0.6356431 0.5943136 0.6455538 0.5992009 0.1803483 0.2401055 0.2016965 0.2530522 0.1785709 0.366463 0.2397792 0.6835681 0.2897996 0.7424533 0.289544 0.770027 0.3265824 0.734578 0.3135867 0.7024369 0.3651303 0.6919854 0.6619181 0.623158 0.7753775 0.6252362 0.7758024 0.6407678 0.06206148 0.5896505 0.03565055 0.6189947 0.0326333 0.5722658 0.6575579 0.6184162 0.6928909 0.5991976 0.6619181 0.623158 0.1349425 0.4883984 0.09280341 0.5092675 0.1787114 0.4237604 0.281406 0.258028 0.2433679 0.25409 0.2680758 0.1321552 0.1787114 0.4237604 0.1892902 0.4350777 0.1349425 0.4883984 0.1323245 0.4950983 0.1148287 0.525314 0.101281 0.5115339 0.3561809 0.62568 0.3399063 0.655012 0.3253377 0.632442 0.7988322 0.754454 0.8078554 0.767555 0.7922124 0.757753 0.6094116 0.7581908 0.6042415 0.7748839 0.5967091 0.7555192 0.8184763 0.745574 0.8078554 0.767555 0.7988322 0.754454 0.6042415 0.7748839 0.6094116 0.7581908 0.607061 0.773504 0.5859667 0.7614943 0.6042415 0.7748839 0.5920015 0.7734968 0.798196 0.7425158 0.7988322 0.754454 0.7899944 0.744854 0.7988322 0.754454 0.7922124 0.757753 0.7899944 0.744854 0.798196 0.7425158 0.8184763 0.745574 0.7988322 0.754454 0.5967091 0.7555192 0.6042415 0.7748839 0.5859667 0.7614943 0.5859667 0.7614943 0.5920015 0.7734968 0.5726317 0.7860187 0.8387416 0.7149744 0.8296641 0.7386604 0.8184763 0.745574 0.6042415 0.7748839 0.6026284 0.8176618 0.5920015 0.7734968 0.798196 0.7425158 0.7899944 0.744854 0.7946844 0.712598 0.7899944 0.744854 0.7881501 0.7183011 0.7946844 0.712598 0.8439502 0.7037809 0.8184763 0.745574 0.8619306 0.6607245 0.8184763 0.745574 0.8056855 0.6519903 0.8619306 0.6607245 0.8056855 0.6519903 0.8184763 0.745574 0.798196 0.7425158 0.04526394 0.3748617 0.07999372 0.3991974 0.03099536 0.376997 0.6078053 0.8530575 0.6026284 0.8176618 0.6098741 0.8509898 0.8056855 0.6519903 0.798196 0.7425158 0.7946844 0.712598 0.8619306 0.6607245 0.8056855 0.6519903 0.8565447 0.6463738 0.007809817 0.3833861 0.03099536 0.376997 0.07999372 0.3991974 0.1349425 0.4883984 0.1323245 0.4950983 0.09280341 0.5092675 0.6575579 0.6184162 0.6455538 0.5992009 0.6535493 0.6010217 0.4070378 0.5564027 0.3181862 0.4181472 0.35539 0.4017438 0.6171476 0.6213136 0.6455538 0.5992009 0.6619181 0.623158 0.1437634 0.2395777 0.1803483 0.2401055 0.1785709 0.366463 0.0326333 0.5722658 0.03565055 0.6189947 0.01223015 0.6066141 0.6455538 0.5992009 0.6575579 0.6184162 0.6619181 0.623158 0.1323245 0.4950983 0.101281 0.5115339 0.09280341 0.5092675 0.6585246 0.6553994 0.7758024 0.6407678 0.699823 0.6710852 0.101281 0.5115339 0.1148287 0.525314 0.1158839 0.5336694 0.3181862 0.4181472 0.3714666 0.5750101 0.2860364 0.4346461 0.2660151 0.0985803 0.2277724 0.07881247 0.22608 0.07428413 0.3253377 0.632442 0.2902393 0.672231 0.2736899 0.6481348 0.07999372 0.3991974 0.1406869 0.4259018 0.06033009 0.4948011 0.101281 0.5115339 0.1158839 0.5336694 0.09280341 0.5092675 0.3781441 0.7435722 0.3265824 0.734578 0.3651303 0.6919854 0.2680758 0.1321552 0.2433679 0.25409 0.2331145 0.139404 0.1787114 0.4237604 0.06033009 0.4948011 0.1406869 0.4259018 0.8056855 0.6519903 0.7946844 0.712598 0.789483 0.6010937 0.4472261 0.6557565 0.4929023 0.6335793 0.4690991 0.6862326 0.6230396 0.6470015 0.6171476 0.6213136 0.6619181 0.623158 0.09280341 0.5092675 0.1158839 0.5336694 0.07348185 0.5401369 0.260898 0.1037448 0.2277724 0.07881247 0.2660151 0.0985803 0.289544 0.770027 0.2897996 0.7424533 0.3265824 0.734578 0.699823 0.6710852 0.7758024 0.6407678 0.7800318 0.6614949 0.05402886 0.5221294 0.1787114 0.4237604 0.09280341 0.5092675 0.3207032 0.2316829 0.281406 0.258028 0.3222784 0.1313739 0.172775 0.4128326 0.1787114 0.4237604 0.1406869 0.4259018 0.09280341 0.5092675 0.07348185 0.5401369 0.05402886 0.5221294 0.6585246 0.6553994 0.699823 0.6710852 0.6966328 0.6694493 0.002922475 0.3916241 0.007809817 0.3833861 0.06033009 0.4948011 0.06033009 0.4948011 0.007809817 0.3833861 0.07999372 0.3991974 0.6620403 0.6790775 0.6966328 0.6694493 0.699823 0.6710852 0.9085859 0.127911 0.9398726 0.09369838 0.93865 0.100739 0.9566141 0.02608489 0.8883102 0.1334436 0.8891873 0.006031215 0.1410253 0.3633558 0.1437634 0.2395777 0.1785709 0.366463 0.289544 0.770027 0.3265824 0.734578 0.3250651 0.7765464 0.7758024 0.6407678 0.6230396 0.6470015 0.6619181 0.623158 0.8891873 0.006031215 0.8883102 0.1334436 0.8766842 0.04402953 0.6617656 0.6634637 0.6585246 0.6553994 0.6966328 0.6694493 0.2727117 0.797478 0.2397792 0.6835681 0.289544 0.770027 0.172775 0.4128326 0.1406869 0.4259018 0.157042 0.4117248 0.6198117 0.763584 0.6155527 0.7635983 0.6258141 0.7529204 0.3222784 0.1313739 0.281406 0.258028 0.2927038 0.1309644 0.05402886 0.5221294 0.07348185 0.5401369 0.0326333 0.5722658 0.4929023 0.6335793 0.5388918 0.7115579 0.4690991 0.6862326 0.3250651 0.7765464 0.3265824 0.734578 0.3781441 0.7435722 0.6230396 0.6470015 0.7758024 0.6407678 0.6585246 0.6553994 0.9566141 0.02608489 0.8891873 0.006031215 0.9021624 0.001070857 0.35539 0.4017438 0.3181862 0.4181472 0.3105766 0.360625 0.281406 0.258028 0.2680758 0.1321552 0.2927038 0.1309644 0.3207032 0.2316829 0.3573935 0.1356807 0.340614 0.2320978 0.6477575 0.6982749 0.699823 0.6710852 0.7506775 0.6916834 0.1787114 0.4237604 0.05402886 0.5221294 0.06033009 0.4948011 0.3250651 0.7765464 0.3781441 0.7435722 0.376619 0.7843879 0.5519824 0.02482211 0.5879241 0.01107203 0.5828157 0.04224979 0.6620403 0.6790775 0.699823 0.6710852 0.6568586 0.6840937 0.699823 0.6710852 0.7800318 0.6614949 0.7506775 0.6916834 0.3646841 0.3341884 0.3832433 0.3748634 0.35539 0.4017438 0.6221784 0.6781131 0.6230396 0.6470015 0.6585246 0.6553994 0.0462222 0.497656 0.002922475 0.3916241 0.06033009 0.4948011 0.6617656 0.6634637 0.6620403 0.6790775 0.6585246 0.6553994 0.6966328 0.6694493 0.6620403 0.6790775 0.6617656 0.6634637 0.6221784 0.6781131 0.6585246 0.6553994 0.6568586 0.6840937 0.6585246 0.6553994 0.6620403 0.6790775 0.6568586 0.6840937 0.4190507 0.675931 0.4472261 0.6557565 0.4345771 0.7080547 0.289544 0.770027 0.3250651 0.7765464 0.2727117 0.797478 0.2927038 0.1309644 0.2680758 0.1321552 0.2660151 0.0985803 0.2397792 0.6835681 0.2727117 0.797478 0.2420643 0.8183462 0.699823 0.6710852 0.6477575 0.6982749 0.6568586 0.6840937 0.6477575 0.6982749 0.6387537 0.8298502 0.633735 0.8177807 0.2727117 0.797478 0.3250651 0.7765464 0.3108595 0.8091548 0.4345771 0.7080547 0.4472261 0.6557565 0.4690991 0.6862326 0.5334812 0.01377308 0.5519824 0.02482211 0.5476968 0.03166049 0.5519824 0.02482211 0.5828157 0.04224979 0.5476968 0.03166049 0.2697617 0.01398032 0.2927038 0.1309644 0.2660151 0.0985803 0.06033009 0.4948011 0.05402886 0.5221294 0.0462222 0.497656 0.8310801 0.5991871 0.8056855 0.6519903 0.789483 0.6010937 0.05402886 0.5221294 0.0326333 0.5722658 0.03321194 0.5178847 0.05402886 0.5221294 0.03898924 0.5124204 0.0462222 0.497656 0.4137526 0.6935902 0.4345771 0.7080547 0.3974795 0.7459247 0.5017226 0.7058758 0.4690991 0.6862326 0.5388918 0.7115579 0.364665 0.2054589 0.3573935 0.1356807 0.3988106 0.1431911 0.9130016 0.8158862 0.9154123 0.823881 0.9187626 0.8641424 0.3250651 0.7765464 0.3571227 0.8271099 0.3108595 0.8091548 0.3250651 0.7765464 0.376619 0.7843879 0.3571227 0.8271099 0.6338664 0.703378 0.6477575 0.6982749 0.633735 0.8177807 0.2927038 0.1309644 0.2697617 0.01398032 0.2976099 0.04802 0.9168934 0.8689091 0.9130016 0.8158862 0.9187626 0.8641424 0.2613291 0.01687347 0.2697617 0.01398032 0.2660151 0.0985803 0.6221784 0.6781131 0.6568586 0.6840937 0.6338664 0.703378 0.2420643 0.8183462 0.2727117 0.797478 0.2795139 0.8401539 0.2727117 0.797478 0.3108595 0.8091548 0.2934269 0.837602 0.6213429 0.6951275 0.6221784 0.6781131 0.6338664 0.703378 0.4485332 0.157144 0.4361974 0.1843649 0.4269273 0.151008 0.9075136 0.7984773 0.9278176 0.7823559 0.9130016 0.8158862 0.3207032 0.2316829 0.3222784 0.1313739 0.3573935 0.1356807 0.3222784 0.1313739 0.2927038 0.1309644 0.2976099 0.04802 0.4690991 0.6862326 0.5017226 0.7058758 0.4713135 0.7338648 0.9318267 0.8270109 0.9187626 0.8641424 0.9154123 0.823881 0.9385666 0.8261157 0.9187626 0.8641424 0.9318267 0.8270109 0.9168934 0.8689091 0.9187626 0.8641424 0.9385666 0.8261157 0.9318267 0.8270109 0.9154123 0.823881 0.9130016 0.8158862 0.4345771 0.7080547 0.4690991 0.6862326 0.4713135 0.7338648 0.5002895 0.7469813 0.5017226 0.7058758 0.5388918 0.7115579 0.4636493 0.05850791 0.4722791 0.05139338 0.5828157 0.04224979 0.4772732 0.03854537 0.5476968 0.03166049 0.5828157 0.04224979 0.2976099 0.04802 0.3115046 0.02016925 0.3222784 0.1313739 0.3986495 0.1981545 0.3988106 0.1431911 0.4269273 0.151008 0.9318267 0.8270109 0.9130016 0.8158862 0.9385666 0.8261157 0.4636493 0.05850791 0.5828157 0.04224979 0.5866991 0.07417851 0.3974795 0.7459247 0.4345771 0.7080547 0.429773 0.7685787 0.3790578 0.828391 0.3789883 0.8353118 0.3571227 0.8271099 0.4713135 0.7338648 0.5017226 0.7058758 0.5002895 0.7469813 0.9130016 0.8158862 0.9278176 0.7823559 0.9385666 0.8261157 0.9385666 0.8261157 0.9278176 0.7823559 0.9444321 0.7942493 0.5388918 0.7115579 0.5372186 0.7611326 0.5002895 0.7469813 0.3108595 0.8091548 0.3571227 0.8271099 0.2934269 0.837602 0.411327 0.7837358 0.4128623 0.7735956 0.429773 0.7685787 0.9741638 0.7774788 0.9723392 0.8193106 0.9648721 0.7760837 0.9635819 0.820635 0.9648721 0.7760837 0.9723392 0.8193106 0.5866991 0.07417851 0.5964964 0.09159409 0.4853362 0.1437427 0.429773 0.7685787 0.4345771 0.7080547 0.4713135 0.7338648 0.4636493 0.05850791 0.5866991 0.07417851 0.506585 0.09189307 0.4772732 0.03854537 0.5828157 0.04224979 0.4722791 0.05139338 0.4853362 0.1437427 0.506585 0.09189307 0.5866991 0.07417851 0.2934269 0.837602 0.3571227 0.8271099 0.3359294 0.8598527 0.3444258 0.04766601 0.3573935 0.1356807 0.3222784 0.1313739 0.3537961 0.05028766 0.3573935 0.1356807 0.3444258 0.04766601 0.4713135 0.7338648 0.5002895 0.7469813 0.4679811 0.7897539 0.4802081 0.1357233 0.4790859 0.1044248 0.4811454 0.1015868 0.4237663 0.8088015 0.4004352 0.805961 0.429773 0.7685787 0.4017069 0.8480551 0.4237663 0.8088015 0.4056354 0.8456234 0.3988106 0.1431911 0.3573935 0.1356807 0.3875329 0.1036161 0.3396866 0.8548842 0.3571227 0.8271099 0.3717209 0.8574284 0.4017069 0.8480551 0.4056354 0.8456234 0.4389072 0.8254501 0.4056354 0.8456234 0.4237663 0.8088015 0.4389072 0.8254501 0.429773 0.7685787 0.4713135 0.7338648 0.4679811 0.7897539 0.4811454 0.1015868 0.4940531 0.1157862 0.4802081 0.1357233 0.4563806 0.1483579 0.458945 0.1379982 0.4853362 0.1437427 0.4679811 0.7897539 0.5002895 0.7469813 0.5372186 0.7611326 0.4853362 0.1437427 0.4802081 0.1357233 0.4940531 0.1157862 0.4679811 0.7897539 0.4237663 0.8088015 0.429773 0.7685787 0.5140758 0.8097752 0.5243114 0.845932 0.5072957 0.8395646 0.5964964 0.09159409 0.589836 0.1094627 0.572562 0.1164342 0.458945 0.1379982 0.4802081 0.1357233 0.4853362 0.1437427 0.5372186 0.7611326 0.5140758 0.8097752 0.4679811 0.7897539 0.4969755 0.1618847 0.4853362 0.1437427 0.5964964 0.09159409 0.4017069 0.8480551 0.4389072 0.8254501 0.4471782 0.8223528 0.3537961 0.05028766 0.379566 0.014099 0.3573935 0.1356807 0.4471782 0.8223528 0.4389072 0.8254501 0.4237663 0.8088015 0.4679811 0.7897539 0.4471782 0.8223528 0.4237663 0.8088015 0.5140758 0.8097752 0.5072957 0.8395646 0.4870359 0.8272809 0.4969755 0.1618847 0.5964964 0.09159409 0.572562 0.1164342 0.5140758 0.8097752 0.4870359 0.8272809 0.4769123 0.8159407 0.3945437 0.1077101 0.3875329 0.1036161 0.4151314 0.07685017 0.4679811 0.7897539 0.5140758 0.8097752 0.4769123 0.8159407 0.3875329 0.1036161 0.3573935 0.1356807 0.379566 0.014099 0.4640105 0.8131387 0.4471782 0.8223528 0.4679811 0.7897539 0.3875329 0.1036161 0.379566 0.014099 0.3928465 0.01057928 0.4640105 0.8131387 0.4679811 0.7897539 0.4769123 0.8159407 0.4206871 0.0760073 0.3945437 0.1077101 0.4151314 0.07685017 0.3875329 0.1036161 0.3928465 0.01057928 0.4151314 0.07685017 0.4972606 0.182682 0.4969755 0.1618847 0.5497586 0.2694584 0.798437 0.2050065 0.7302432 0.293637 0.7222951 0.2897347 0.572562 0.1164342 0.5724126 0.1612466 0.4969755 0.1618847 0.798298 0.2166065 0.7302432 0.293637 0.798437 0.2050065 0.798298 0.2166065 0.8029804 0.3135001 0.7302432 0.293637 0.8241696 0.282532 0.8159981 0.3092344 0.8029804 0.3135001 0.5120342 0.2062616 0.4972606 0.182682 0.5231515 0.221114 0.5497586 0.2694584 0.4969755 0.1618847 0.5724126 0.1612466 0.5497586 0.2694584 0.5724126 0.1612466 0.5592087 0.2891098 0.5830036 0.2514739 0.5724126 0.1612466 0.5864891 0.2102137 0.8241696 0.282532 0.8029804 0.3135001 0.8336392 0.2032064 0.798298 0.2166065 0.8336392 0.2032064 0.8029804 0.3135001 0.8336392 0.2032064 0.8344777 0.2335729 0.8241696 0.282532 0.5724126 0.1612466 0.5830036 0.2514739 0.5592087 0.2891098 0.8103912 0.2027958 0.8336392 0.2032064 0.798298 0.2166065 0.7903127 0.9979708 0.7858569 0.991782 0.7892274 0.9790834 0.805415 0.97206 0.7976617 0.9959633 0.7903127 0.9979708 0.805415 0.97206 0.7903127 0.9979708 0.7892274 0.9790834 0.5830036 0.2514739 0.5856725 0.2894954 0.5802876 0.2883927 0.5592087 0.2891098 0.5830036 0.2514739 0.5802876 0.2883927 0.805415 0.97206 0.7892274 0.9790834 0.7972471 0.9704626 0.5623216 0.2980447 0.5592087 0.2891098 0.5802876 0.2883927 0.5832749 0.3115302 0.5802876 0.2883927 0.5856725 0.2894954 0.805415 0.97206 0.7972471 0.9704626 0.8083257 0.9584769 0.5745468 0.3049785 0.5623216 0.2980447 0.5802876 0.2883927 0.8242177 0.9779195 0.805415 0.97206 0.8228971 0.9544749 0.5802876 0.2883927 0.5832749 0.3115302 0.5745468 0.3049785 0.8228971 0.9544749 0.805415 0.97206 0.8083257 0.9584769 0.5776771 0.5790632 0.5921879 0.5582577 0.6026414 0.5950519 0.05278873 0.6922103 0.08736598 0.6967892 0.06685316 0.7203444 0.5921879 0.5582577 0.5776771 0.5790632 0.5719102 0.5236362 0.5921879 0.5582577 0.5719102 0.5236362 0.5824665 0.5319045 0.7697218 0.3340515 0.7983137 0.36553 0.8237123 0.4147058 0.7697218 0.3340515 0.8237123 0.4147058 0.7442675 0.3426027 0.8237123 0.4147058 0.7340785 0.366761 0.7442675 0.3426027 0.1038355 0.7242625 0.1029102 0.7575339 0.06685316 0.7203444 0.08736598 0.6967892 0.1249767 0.6984325 0.1038355 0.7242625 0.1038355 0.7242625 0.1229219 0.7585311 0.1029102 0.7575339 0.08321332 0.6645093 0.08044707 0.6643697 0.08736598 0.6967892 0.7576684 0.4125265 0.7852656 0.467112 0.774203 0.4488102 0.7576684 0.4125265 0.808003 0.5190701 0.7852656 0.467112 0.7340785 0.366761 0.8237123 0.4147058 0.7468545 0.3993706 0.8192725 0.4339042 0.7576684 0.4125265 0.8237123 0.4147058 0.8192725 0.4339042 0.808003 0.5190701 0.7576684 0.4125265 0.8724243 0.467189 0.8789678 0.4453893 0.884068 0.4929285 0.8259276 0.4395442 0.8247097 0.4664993 0.8192725 0.4339042 0.1229219 0.7585311 0.1044939 0.800347 0.1029102 0.7575339 0.1229219 0.7585311 0.1379913 0.7914196 0.1044939 0.800347 0.5131816 0.5047544 0.5476461 0.5198348 0.5400457 0.5387542 0.585241 0.4145272 0.5799006 0.4705311 0.5476461 0.5198348 0.5476461 0.5198348 0.5799006 0.4705311 0.5719102 0.5236362 0.7958779 0.3373845 0.834239 0.3552616 0.7697218 0.3340515 0.834239 0.3552616 0.7983137 0.36553 0.7697218 0.3340515 0.8344474 0.3992034 0.845488 0.4010254 0.8237123 0.4147058 0.7983137 0.36553 0.8344474 0.3992034 0.8237123 0.4147058 0.7983137 0.36553 0.834239 0.3552616 0.8344474 0.3992034 0.8657487 0.4167718 0.866886 0.427085 0.8537165 0.4321007 0.866886 0.427085 0.8620143 0.4392101 0.8537165 0.4321007 0.845488 0.4010254 0.8400164 0.4147155 0.8237123 0.4147058 0.8400164 0.4147155 0.8367418 0.4311769 0.8237123 0.4147058 0.8192725 0.4339042 0.8367418 0.4311769 0.8259276 0.4395442 0.8367418 0.4311769 0.8478553 0.4475185 0.8259276 0.4395442 0.8537165 0.4321007 0.8478553 0.4475185 0.8367418 0.4311769 0.8537165 0.4321007 0.8620143 0.4392101 0.8478553 0.4475185 0.1959148 0.6887552 0.2012587 0.6966817 0.1918781 0.7186986 0.1892658 0.7638554 0.1379913 0.7914196 0.1700655 0.7537657 0.1700655 0.7537657 0.1379913 0.7914196 0.1229219 0.7585311 0.1379913 0.7914196 0.1133066 0.8200946 0.1044939 0.800347 0.1133066 0.8200946 0.08419471 0.8423317 0.06358748 0.8317424 0.1044939 0.800347 0.1133066 0.8200946 0.06358748 0.8317424 0.5954341 0.4823749 0.6094184 0.4918203 0.5719102 0.5236362 0.5131816 0.5047544 0.585241 0.4145272 0.5476461 0.5198348 0.8239694 0.1641371 0.8369956 0.142706 0.8395885 0.1705586 0.8371053 0.1889054 0.8239694 0.1641371 0.8395885 0.1705586 0.8126549 0.1956682 0.8239694 0.1641371 0.8371053 0.1889054 0.8126549 0.1956682 0.8027301 0.1759286 0.8239694 0.1641371 0.8027301 0.1759286 0.8062923 0.1424373 0.8239694 0.1641371 0.08419471 0.8423317 0.05474692 0.8480334 0.06358748 0.8317424 0.7707256 0.06084185 0.7716024 0.1266943 0.7391239 0.1360162 0.8027301 0.1759286 0.8006973 0.1082638 0.8062923 0.1424373 0.7716024 0.1266943 0.7707256 0.06084185 0.7891135 0.06416952 0.8400164 0.4147155 0.8539047 0.4192821 0.8367418 0.4311769 0.8539047 0.4192821 0.8537165 0.4321007 0.8367418 0.4311769 0.7917177 0.05668866 0.8006973 0.1082638 0.7891135 0.06416952 0.7917177 0.05668866 0.8496876 0.001596212 0.8006973 0.1082638 0.8062923 0.1424373 0.8006973 0.1082638 0.8496876 0.001596212 0.8062923 0.1424373 0.8496876 0.001596212 0.8392143 0.06144303 0.8062923 0.1424373 0.8392143 0.06144303 0.8239694 0.1641371 0.5290243 0.3860163 0.5472062 0.354468 0.5369538 0.4480037 0.5700781 0.4027996 0.5472062 0.354468 0.5355845 0.3289828 0.5290243 0.3860163 0.5355845 0.3289828 0.5472062 0.354468 0.5700781 0.4027996 0.5369538 0.4480037 0.5472062 0.354468 0.5881996 0.7293191 0.5649357 0.6885073 0.6093349 0.6209108 0.6060571 0.7013153 0.6093349 0.6209108 0.6112681 0.6641655 0.9440892 0.7232283 0.9475752 0.7593309 0.9269626 0.7287805 0.5881996 0.7293191 0.6093349 0.6209108 0.6060571 0.7013153 0.5365393 0.4796302 0.5369538 0.4480037 0.585241 0.4145272 0.5369538 0.4480037 0.5700781 0.4027996 0.585241 0.4145272 0.8027301 0.1759286 0.7891135 0.06416952 0.8006973 0.1082638 0.1456575 0.8144713 0.1133066 0.8200946 0.1379913 0.7914196 0.7458145 0.09198659 0.7622535 0.0581656 0.7707256 0.06084185 0.5621734 0.9372286 0.5714822 0.9024755 0.5827447 0.9067408 0.6079754 0.9118166 0.5827447 0.9067408 0.6025421 0.8888191 0.6079943 0.9388893 0.5895519 0.9503983 0.6079754 0.9118166 0.8869525 0.6628333 0.8866854 0.6262129 0.9046387 0.6840583 0.7458145 0.09198659 0.7707256 0.06084185 0.7220136 0.1242408 0.8872711 0.5938324 0.9161714 0.6872064 0.9046387 0.6840583 0.9046387 0.6840583 0.8866854 0.6262129 0.8872711 0.5938324 0.9161714 0.6872064 0.8872711 0.5938324 0.9335501 0.6556419 0.7260377 0.5292518 0.7482668 0.5496726 0.7450181 0.572562 0.5895519 0.9503983 0.5827447 0.9067408 0.6079754 0.9118166 0.1229219 0.7585311 0.1918781 0.7186986 0.1700655 0.7537657 0.7220136 0.1242408 0.7707256 0.06084185 0.7391239 0.1360162 0.8027301 0.1759286 0.7716024 0.1266943 0.7891135 0.06416952 0.8239694 0.1641371 0.8392143 0.06144303 0.8369956 0.142706 0.5719102 0.5236362 0.5799006 0.4705311 0.5954341 0.4823749 0.1959148 0.6887552 0.1918781 0.7186986 0.1229219 0.7585311 0.1038355 0.7242625 0.1959148 0.6887552 0.1229219 0.7585311 0.8192725 0.4339042 0.8237123 0.4147058 0.8367418 0.4311769 0.845488 0.4010254 0.8539047 0.4192821 0.8400164 0.4147155 0.845488 0.4010254 0.8657487 0.4167718 0.8539047 0.4192821 0.5649357 0.6885073 0.586292 0.6469252 0.6093349 0.6209108 0.8511149 0.394172 0.845488 0.4010254 0.8344474 0.3992034 0.834239 0.3552616 0.8547847 0.3861148 0.8344474 0.3992034 0.8657487 0.4167718 0.8537165 0.4321007 0.8539047 0.4192821 0.5400457 0.5387542 0.5719102 0.5236362 0.5776771 0.5790632 0.06685316 0.7203444 0.01235443 0.8248966 0.01368612 0.7685759 0.5476461 0.5198348 0.5719102 0.5236362 0.5400457 0.5387542 0.5133113 0.542431 0.5131816 0.5047544 0.5400457 0.5387542 0.5776771 0.5790632 0.5133113 0.542431 0.5400457 0.5387542 0.1029102 0.7575339 0.1044939 0.800347 0.06685316 0.7203444 0.1044939 0.800347 0.06358748 0.8317424 0.06685316 0.7203444 0.06358748 0.8317424 0.01235443 0.8248966 0.06685316 0.7203444 0.08736598 0.6967892 0.1435818 0.6511316 0.1249767 0.6984325 0.9010159 0.4536845 0.9140307 0.4835779 0.9002738 0.5194964 0.1642849 0.6878366 0.1959148 0.6887552 0.1038355 0.7242625 0.9164705 0.5448873 0.9002738 0.5194964 0.9140307 0.4835779 0.1249767 0.6984325 0.1642849 0.6878366 0.1038355 0.7242625 0.1508081 0.6668125 0.1642849 0.6878366 0.1249767 0.6984325 0.8192725 0.4339042 0.8247097 0.4664993 0.808003 0.5190701 0.1038355 0.7242625 0.06685316 0.7203444 0.08736598 0.6967892 0.05278873 0.6922103 0.06685316 0.7203444 0.03915083 0.7006009 0.9712762 0.1422897 0.9670967 0.1377458 0.9911643 0.1038048 0.2621101 0.9289382 0.2558571 0.9001982 0.2692876 0.892068 0.232894 0.8879787 0.2558571 0.9001982 0.2160811 0.9509719 0.2671388 0.874647 0.2692876 0.892068 0.2558571 0.9001982 0.2337796 0.8691246 0.249764 0.8693441 0.232894 0.8879787 0.249764 0.8693441 0.2558571 0.9001982 0.232894 0.8879787 0.508529 0.8997928 0.5227908 0.8844693 0.5336805 0.8917536 0.6920025 0.3011547 0.6724874 0.3134735 0.6736631 0.2996308 0.8450967 0.5287976 0.8433069 0.5380242 0.8418503 0.5293768 0.9001776 0.5855651 0.8983319 0.577425 0.9075883 0.5835942 0.6920025 0.3011547 0.6752807 0.2834645 0.6880462 0.2856401 0.2600806 0.8715587 0.2619808 0.8750947 0.2558571 0.9001982 0.249764 0.8693441 0.2600806 0.8715587 0.2558571 0.9001982 0.9836381 0.6291597 0.9740135 0.6310244 0.9788181 0.6214305 0.670541 0.3024196 0.6724874 0.3134735 0.6645951 0.3057618 0.8358762 0.539196 0.8433069 0.5380242 0.8435675 0.5389651 0.8395208 0.5339848 0.8433069 0.5380242 0.8358762 0.539196 0.2337796 0.8691246 0.2392505 0.8643672 0.249764 0.8693441 0.838465 0.5301196 0.8418503 0.5293768 0.8395208 0.5339848 0.8418503 0.5293768 0.8433069 0.5380242 0.8395208 0.5339848 0.6666697 0.2915095 0.6712408 0.2859891 0.6752807 0.2834645 0.9895996 0.6102807 0.9804171 0.6135199 0.9895812 0.6087884 0.9682775 0.6063624 0.9864848 0.5972282 0.9804171 0.6135199 0.9682775 0.6063624 0.9765341 0.595682 0.9864848 0.5972282 0.9782323 0.5908187 0.9676157 0.60045 0.9641703 0.5981567 0.9859775 0.6163268 0.9804171 0.6135199 0.9895996 0.6102807 0.829653 0.5662654 0.8241109 0.5674567 0.8282138 0.5624637 0.9068357 0.5679405 0.9114762 0.5757835 0.8960531 0.5740512 0.9075883 0.5835942 0.8983319 0.577425 0.9114762 0.5757835 0.8983319 0.577425 0.8960531 0.5740512 0.9114762 0.5757835 0.9118301 0.557024 0.8958179 0.5549538 0.9012897 0.5486484 0.670541 0.3024196 0.6645951 0.3057618 0.6660721 0.3032951 0.8316535 0.557515 0.8358762 0.539196 0.8427631 0.5515235 0.8427631 0.5515235 0.8427993 0.5647617 0.8316535 0.557515 0.9804171 0.6135199 0.9838734 0.6183049 0.9788181 0.6214305 0.8427993 0.5647617 0.8483693 0.5623864 0.8488152 0.5703393 0.9494471 0.369438 0.9535618 0.3771461 0.9491853 0.3712723 0.9507876 0.4102373 0.947823 0.3965319 0.9542455 0.4051031 0.3968978 0.8633188 0.4156308 0.9466577 0.3998538 0.9428018 0.3998538 0.9428018 0.3924993 0.9546027 0.3968978 0.8633188 0.403149 0.8636097 0.4177052 0.9462947 0.4156308 0.9466577 0.9435794 0.6806914 0.9456781 0.6910266 0.9412215 0.6914565 0.9507876 0.4102373 0.9419907 0.4054157 0.947823 0.3965319 0.6507192 0.8842405 0.6417961 0.8896005 0.6364238 0.8766993 0.9507876 0.4102373 0.9620332 0.409684 0.946639 0.4224706 0.9542455 0.4051031 0.9620332 0.409684 0.9507876 0.4102373 0.946639 0.4224706 0.9620332 0.409684 0.9606729 0.4310696 0.5125702 0.8621165 0.5095198 0.8712239 0.511686 0.8651389 0.9454545 0.4300517 0.946639 0.4224706 0.9538671 0.4311707 0.5227908 0.8844693 0.5087845 0.8856412 0.5095198 0.8712239 0.5095198 0.8712239 0.5383951 0.8765481 0.5227908 0.8844693 0.5383951 0.8765481 0.5336805 0.8917536 0.5227908 0.8844693 0.6337965 0.9081798 0.6251835 0.8999517 0.6417961 0.8896005 0.6417961 0.8896005 0.6251835 0.8999517 0.6298922 0.8843646 0.6386584 0.8653571 0.6235004 0.855026 0.6379702 0.8599731 0.9606729 0.4310696 0.9620332 0.409684 0.9661176 0.4213057 0.9620332 0.409684 0.9696589 0.4168167 0.9661176 0.4213057 0.6463019 0.8692147 0.6364238 0.8766993 0.6386584 0.8653571 0.6364238 0.8766993 0.6463019 0.8692147 0.6499152 0.8767748 0.8427631 0.5515235 0.8483693 0.5623864 0.8427993 0.5647617 0.9676157 0.60045 0.9765341 0.595682 0.9682775 0.6063624 0.9472979 0.3616722 0.9494471 0.369438 0.9453301 0.366434 0.8489502 0.5734826 0.8427156 0.5751283 0.8469971 0.5725356 0.8427993 0.5647617 0.8427156 0.5751283 0.829653 0.5662654 0.972292 0.3564627 0.9423935 0.3542552 0.9429842 0.3493323 0.9494471 0.369438 0.9735389 0.3861765 0.9535618 0.3771461 0.9600902 0.3311499 0.9825294 0.3412541 0.9429842 0.3493323 0.9472979 0.3616722 0.972292 0.3564627 0.9494471 0.369438 0.9423935 0.3542552 0.972292 0.3564627 0.9472979 0.3616722 0.972292 0.3564627 0.9735389 0.3861765 0.9494471 0.369438 0.9243451 0.2997235 0.9360565 0.3244164 0.9121588 0.30858 0.9429842 0.3493323 0.9825294 0.3412541 0.972292 0.3564627 0.9478158 0.6668258 0.9537128 0.6641999 0.9567651 0.6774629 0.9528772 0.6790183 0.9478158 0.6668258 0.9567651 0.6774629 0.6840524 0.2685019 0.6880462 0.2856401 0.6752807 0.2834645 0.6752807 0.2834645 0.6734529 0.2711544 0.6840524 0.2685019 0.9400596 0.6680905 0.9421945 0.6600943 0.9478158 0.6668258 0.9435794 0.6806914 0.9400596 0.6680905 0.9528772 0.6790183 0.9400596 0.6680905 0.9478158 0.6668258 0.9528772 0.6790183 0.947823 0.3965319 0.9419907 0.4054157 0.9410389 0.401789 0.6492398 0.9160662 0.6337965 0.9081798 0.6590457 0.9012599 0.6590457 0.9012599 0.6337965 0.9081798 0.6417961 0.8896005 0.6641892 0.9266721 0.6358312 0.9220314 0.6492398 0.9160662 0.6805787 0.9333211 0.6678709 0.9404972 0.6641892 0.9266721 0.6678709 0.9404972 0.6358312 0.9220314 0.6641892 0.9266721 0.6760471 0.9134477 0.6590457 0.9012599 0.6711405 0.9037972 0.6760471 0.9134477 0.6641892 0.9266721 0.6590457 0.9012599 0.6641892 0.9266721 0.6492398 0.9160662 0.6590457 0.9012599 0.6805787 0.9333211 0.6760471 0.9134477 0.6862786 0.926363 0.9788181 0.6214305 0.9682775 0.6063624 0.9804171 0.6135199 0.6805787 0.9333211 0.6641892 0.9266721 0.6760471 0.9134477 0.508529 0.8997928 0.5176951 0.9176363 0.5037146 0.9252588 0.5336805 0.8917536 0.5292661 0.9136546 0.5176951 0.9176363 0.9740135 0.6310244 0.9640358 0.6245604 0.9788181 0.6214305 0.5298566 0.9388797 0.508042 0.938661 0.5037146 0.9252588 0.5176951 0.9176363 0.5298566 0.9388797 0.5037146 0.9252588 0.5292661 0.9136546 0.5323849 0.9178599 0.5176951 0.9176363 0.5176951 0.9176363 0.5323849 0.9178599 0.5506088 0.9360886 0.5292661 0.9136546 0.5506088 0.9360886 0.5323849 0.9178599 0.5176951 0.9176363 0.5506088 0.9360886 0.5298566 0.9388797 0.5336805 0.8917536 0.5456699 0.9080022 0.5292661 0.9136546 0.508529 0.8997928 0.5336805 0.8917536 0.5176951 0.9176363 0.6529107 0.8910448 0.6590457 0.9012599 0.6417961 0.8896005 0.6492398 0.9160662 0.6358312 0.9220314 0.6337965 0.9081798 0.5539137 0.8765206 0.5383951 0.8765481 0.5480222 0.8739748 0.5539137 0.8765206 0.5336805 0.8917536 0.5383951 0.8765481 0.9687941 0.4071869 0.9620332 0.409684 0.9618514 0.4023735 0.8427156 0.5751283 0.8398715 0.5808902 0.8365878 0.5801732 0.9575447 0.3980751 0.9618514 0.4023735 0.9620332 0.409684 0.8427993 0.5647617 0.8488152 0.5703393 0.8469971 0.5725356 0.8427156 0.5751283 0.8427993 0.5647617 0.8469971 0.5725356 0.8495072 0.5749064 0.8427156 0.5751283 0.8489502 0.5734826 0.9782323 0.5908187 0.9778738 0.5936062 0.9765341 0.595682 0.9676157 0.60045 0.9782323 0.5908187 0.9765341 0.595682 0.829653 0.5662654 0.8254997 0.5697544 0.8241109 0.5674567 0.8960531 0.5740512 0.8941923 0.5670803 0.9068357 0.5679405 0.6386584 0.8653571 0.6364238 0.8766993 0.6235004 0.855026 0.8958179 0.5549538 0.8980717 0.5502221 0.9012897 0.5486484 0.9068357 0.5679405 0.8958179 0.5549538 0.9118301 0.557024 0.6298922 0.8843646 0.6364238 0.8766993 0.6417961 0.8896005 0.5125702 0.8621165 0.5231748 0.8602272 0.5095198 0.8712239 0.5095198 0.8712239 0.5231748 0.8602272 0.5383951 0.8765481 0.9606729 0.4310696 0.9553397 0.4327509 0.9538671 0.4311707 0.9538671 0.4311707 0.946639 0.4224706 0.9606729 0.4310696 0.6752807 0.2834645 0.6920025 0.3011547 0.6736631 0.2996308 0.8395208 0.5339848 0.8358762 0.539196 0.8335765 0.5300631 0.8427993 0.5647617 0.829653 0.5662654 0.8316535 0.557515 0.9895812 0.6087884 0.9804171 0.6135199 0.9864848 0.5972282 0.6736631 0.2996308 0.6724874 0.3134735 0.670541 0.3024196 0.6920025 0.3011547 0.6913135 0.3161683 0.6724874 0.3134735 0.06234228 0.9557979 0.01789534 0.9082557 0.0447601 0.9010417 0.008929967 0.918582 0.00162059 0.8909583 0.01789534 0.9082557 0.0447601 0.9010417 0.02160763 0.8801173 0.05381816 0.8876664 0.00162059 0.8909583 0.009774386 0.8829541 0.01789534 0.9082557 0.8485135 0.99457 0.8471609 0.9926418 0.8534829 0.9909998 0.8852603 0.1604059 0.891693 0.16756 0.8793135 0.1664752 0.9643822 0.6541675 0.977041 0.6489359 0.9784873 0.6639898 0.9705359 0.304241 0.9715093 0.3000063 0.9750391 0.296866 0.9772174 0.6843914 0.9805579 0.6793749 0.9781656 0.6855885 0.9735397 0.6776344 0.9805579 0.6793749 0.9772174 0.6843914 0.9792158 0.6742679 0.9706444 0.6789497 0.9667487 0.6743179 0.9667487 0.6743179 0.9643822 0.6541675 0.9784873 0.6639898 0.9734291 0.6796334 0.9706444 0.6789497 0.9792158 0.6742679 0.9734291 0.6796334 0.9792158 0.6742679 0.9735397 0.6776344 0.9805579 0.6793749 0.9735397 0.6776344 0.9792158 0.6742679 0.01552444 0.8819041 0.02160763 0.8801173 0.01223081 0.8845136 0.01789534 0.9082557 0.01223081 0.8845136 0.0447601 0.9010417 0.009774386 0.8829541 0.01223081 0.8845136 0.01789534 0.9082557 0.02160763 0.8801173 0.0447601 0.9010417 0.01223081 0.8845136 0.3601335 0.8641028 0.3650274 0.8833486 0.3490532 0.8776258 0.891693 0.16756 0.8755434 0.1735126 0.8793135 0.1664752 0.891693 0.16756 0.8800204 0.177375 0.8755434 0.1735126 0.2862353 0.9481118 0.291163 0.9183506 0.2931775 0.9470522 0.9832651 0.3217785 0.9765992 0.3221091 0.9668057 0.3206517 0.9819427 0.3179628 0.9832651 0.3217785 0.9668057 0.3206517 0.9784873 0.6639898 0.977041 0.6489359 0.9824092 0.6530405 0.372729 0.9035959 0.3650274 0.8833486 0.373161 0.8967791 0.372842 0.8821921 0.3650274 0.8833486 0.3688785 0.8772692 0.3734652 0.8917014 0.3650274 0.8833486 0.372842 0.8821921 0.3490532 0.8776258 0.3395041 0.8900933 0.3299281 0.8737283 0.1360554 0.8902879 0.1465321 0.9028082 0.1322255 0.9251927 0.1465321 0.9028082 0.1477714 0.9246167 0.1322255 0.9251927 0.1322255 0.9251927 0.1477714 0.9246167 0.1417203 0.9480683 0.3668941 0.9345019 0.3644652 0.9487741 0.3502773 0.9368661 0.6412736 0.9699451 0.6232334 0.9608886 0.6399479 0.9556509 0.6399479 0.9556509 0.6232334 0.9608886 0.6311204 0.9548993 0.8552255 0.5446826 0.8567631 0.5385537 0.859929 0.546448 0.1737173 0.9785725 0.1753743 0.9701972 0.1859353 0.9692227 0.1859353 0.9692227 0.1800619 0.9796213 0.1737173 0.9785725 0.1800619 0.9796213 0.1859353 0.9692227 0.1861549 0.9736701 0.1859353 0.9692227 0.1748173 0.9574438 0.1832816 0.9578526 0.9551407 0.7065501 0.9571445 0.7184405 0.9540041 0.714244 0.9667078 0.7337892 0.9571445 0.7184405 0.970901 0.7144555 0.9072548 0.1706099 0.8910261 0.1918218 0.884271 0.1819013 0.8980883 0.1814364 0.8910261 0.1918218 0.9072548 0.1706099 0.970901 0.7144555 0.960052 0.6999467 0.9696166 0.7038559 0.9667078 0.7337892 0.970901 0.7144555 0.9811926 0.732763 0.8852603 0.1604059 0.8933087 0.1609413 0.891693 0.16756 0.9667078 0.7337892 0.9811926 0.732763 0.978615 0.7443506 0.8471609 0.9926418 0.8481943 0.9805107 0.853273 0.9851825 0.8399483 0.9905959 0.8481943 0.9805107 0.8471609 0.9926418 0.8472101 0.9535468 0.8416314 0.9706322 0.8343914 0.9625115 0.8309376 0.9575797 0.8472101 0.9535468 0.8343914 0.9625115 0.6533393 0.9749388 0.6412736 0.9699451 0.6399479 0.9556509 0.6533393 0.9749388 0.6399479 0.9556509 0.654912 0.9576121 0.6615664 0.9699507 0.6533393 0.9749388 0.654912 0.9576121 0.8416314 0.9706322 0.8472101 0.9535468 0.8534255 0.9600455 0.9747762 0.748092 0.9667078 0.7337892 0.978615 0.7443506 0.9667078 0.7337892 0.9747762 0.748092 0.968824 0.7450705 0.8399483 0.9905959 0.8416314 0.9706322 0.8481943 0.9805107 0.9072548 0.1706099 0.884271 0.1819013 0.8800204 0.177375 0.891693 0.16756 0.9072548 0.1706099 0.8800204 0.177375 0.9072548 0.1706099 0.891693 0.16756 0.9037472 0.1606883 0.3001671 0.950595 0.2931775 0.9470522 0.291163 0.9183506 0.291163 0.9183506 0.3076408 0.9463798 0.3001671 0.950595 0.9696166 0.7038559 0.960052 0.6999467 0.9617852 0.6958014 0.891693 0.16756 0.8936245 0.1574106 0.8997104 0.1578963 0.9037472 0.1606883 0.891693 0.16756 0.8997104 0.1578963 0.9793844 0.6416688 0.977041 0.6489359 0.9772836 0.6418693 0.3650274 0.8833486 0.372729 0.9035959 0.3685126 0.9145401 0.9668057 0.3206517 0.972777 0.313833 0.9819427 0.3179628 0.982294 0.3070724 0.972777 0.313833 0.9705359 0.304241 0.9819427 0.3179628 0.972777 0.313833 0.982294 0.3070724 0.3734652 0.8917014 0.373161 0.8967791 0.3650274 0.8833486 0.9794273 0.7008535 0.9808977 0.7055018 0.9696166 0.7038559 0.9696166 0.7038559 0.9808977 0.7055018 0.970901 0.7144555 0.9805042 0.7008145 0.9808977 0.7055018 0.9794273 0.7008535 0.3685126 0.9145401 0.3668941 0.9345019 0.3468465 0.9202051 0.3668941 0.9345019 0.3685126 0.9145401 0.3707388 0.9274721 0.3668941 0.9345019 0.3502773 0.9368661 0.3468465 0.9202051 0.3468465 0.9202051 0.3363251 0.9179044 0.3517708 0.9008693 0.1633307 0.9282618 0.1835765 0.9394246 0.1775097 0.9512464 0.159264 0.9442039 0.1633307 0.9282618 0.1775097 0.9512464 0.1835765 0.9394246 0.178389 0.9066318 0.1652768 0.8972151 0.1720765 0.9062407 0.178389 0.9066318 0.1835765 0.9394246 0.1835765 0.9394246 0.1633307 0.9282618 0.1720765 0.9062407 0.1477714 0.9246167 0.1633307 0.9282618 0.159264 0.9442039 0.1652768 0.8972151 0.1633307 0.9282618 0.1465321 0.9028082 0.1720765 0.9062407 0.1633307 0.9282618 0.1652768 0.8972151 0.1633307 0.9282618 0.1477714 0.9246167 0.1465321 0.9028082 0.178389 0.9066318 0.1720765 0.9062407 0.1652768 0.8972151 0.3517708 0.9008693 0.3395041 0.8900933 0.3490532 0.8776258 0.3517708 0.9008693 0.3490532 0.8776258 0.3650274 0.8833486 0.3363251 0.9179044 0.3395041 0.8900933 0.3517708 0.9008693 0.3299281 0.8737283 0.3395041 0.8900933 0.3363251 0.9179044 0.3468465 0.9202051 0.3517708 0.9008693 0.3685126 0.9145401 0.3517708 0.9008693 0.3650274 0.8833486 0.3685126 0.9145401 0.9808977 0.7055018 0.9762423 0.7154276 0.970901 0.7144555 0.960052 0.6999467 0.970901 0.7144555 0.9571445 0.7184405 0.6412736 0.9699451 0.6241384 0.9772248 0.6303455 0.9697971 0.6447734 0.9862373 0.632701 0.9845954 0.6412736 0.9699451 0.632701 0.9845954 0.6241384 0.9772248 0.6412736 0.9699451 0.9571445 0.7184405 0.9551407 0.7065501 0.9564074 0.7063225 0.884271 0.1819013 0.8677889 0.2099996 0.8735793 0.1870014 0.8677889 0.2099996 0.863267 0.1940394 0.8735793 0.1870014 0.8677889 0.2099996 0.8868671 0.2737419 0.863267 0.1940394 0.884271 0.1819013 0.8868671 0.2737419 0.8677889 0.2099996 0.8910261 0.1918218 0.8868671 0.2737419 0.884271 0.1819013 0.9571445 0.7184405 0.9667078 0.7337892 0.9587569 0.7317569 0.8517792 0.5262401 0.8613567 0.5304323 0.8567631 0.5385537 0.1477714 0.9246167 0.159264 0.9442039 0.1417203 0.9480683 0.9667487 0.6743179 0.9784873 0.6639898 0.9792158 0.6742679 0.9416156 0.2392239 0.9381683 0.2895705 0.9249113 0.2304597 0.3076408 0.9463798 0.291163 0.9183506 0.317507 0.9174663 0.3167172 0.8648445 0.317507 0.9174663 0.291163 0.9183506 0.9249113 0.2304597 0.9381683 0.2895705 0.9146069 0.2453334 0.3076408 0.9463798 0.317507 0.9174663 0.3186423 0.9429965 0.6601979 0.9752156 0.6533393 0.9749388 0.6615664 0.9699507 0.1532766 0.8808558 0.1465321 0.9028082 0.1360554 0.8902879 0.1532766 0.8808558 0.1652768 0.8972151 0.1465321 0.9028082 0.9735397 0.6776344 0.9772174 0.6843914 0.9741972 0.6801991 0.982294 0.3070724 0.9705359 0.304241 0.9750391 0.296866 0.9715093 0.3000063 0.9718087 0.2944783 0.9750391 0.296866 0.839134 0.951992 0.8472101 0.9535468 0.8309376 0.9575797 0.7321065 0.9401081 0.7021305 0.9033151 0.720566 0.8808251 0.944782 0.5518586 0.9376658 0.5624454 0.9256532 0.5152165 0.7021305 0.9033151 0.6892202 0.8655501 0.720566 0.8808251 0.720566 0.8808251 0.7076473 0.8635868 0.7111515 0.8517528 0.720566 0.8808251 0.6892202 0.8655501 0.7076473 0.8635868 0.7111515 0.8517528 0.7135201 0.8448023 0.7338785 0.8511605 0.3689356 0.9729502 0.3583116 0.9686703 0.3678776 0.9672229 0.9751039 0.9570574 0.9775683 0.9663545 0.9643861 0.9713545 0.9071486 0.3283435 0.9064149 0.3386373 0.903947 0.331206 0.9704436 0.5526543 0.9909195 0.5535952 0.9881212 0.5600889 0.9542844 0.8678971 0.9515072 0.862626 0.9675036 0.8573874 0.9675036 0.8573874 0.9515072 0.862626 0.9495783 0.8555445 0.9509579 0.8473849 0.9675036 0.8573874 0.9495783 0.8555445 0.9616525 0.8455156 0.9675036 0.8573874 0.9509579 0.8473849 0.9900814 0.02409565 0.9894539 0.03243404 0.9818932 0.01517486 0.9894539 0.03243404 0.9763104 0.03040373 0.9818932 0.01517486 0.9494805 0.3202041 0.9535537 0.3157718 0.9557572 0.3229157 0.3587022 0.9864553 0.3520365 0.9847686 0.3583116 0.9686703 0.9775683 0.9663545 0.9844517 0.9654617 0.9810748 0.9692836 0.9775683 0.9663545 0.9751039 0.9570574 0.9844517 0.9654617 0.7538323 0.9595776 0.7627763 0.9688218 0.761382 0.9747129 0.9585554 0.2862939 0.9620442 0.2856023 0.9562404 0.2982016 0.3499107 0.9566537 0.3571825 0.957917 0.3492739 0.9669061 0.9585554 0.2862939 0.9562404 0.2982016 0.9518989 0.2919955 0.9562404 0.2982016 0.9479425 0.2993924 0.9495512 0.2935506 0.7468296 0.9393864 0.7518428 0.9461751 0.7479594 0.9425081 0.746685 0.9519173 0.7479594 0.9425081 0.7518428 0.9461751 0.1397797 0.9800058 0.1342775 0.9618585 0.1471303 0.9774917 0.1342775 0.9618585 0.1491693 0.9672099 0.1471303 0.9774917 0.9912247 0.03925412 0.9803499 0.04122859 0.9894539 0.03243404 0.9763104 0.03040373 0.9894539 0.03243404 0.9803499 0.04122859 0.885601 0.4269832 0.8832601 0.4194453 0.8957366 0.434471 0.7538323 0.9595776 0.7654369 0.946207 0.769079 0.9560936 0.769079 0.9560936 0.7627763 0.9688218 0.7538323 0.9595776 0.8745925 0.3660169 0.8878991 0.3566079 0.8717394 0.3688805 0.8878991 0.3566079 0.8730818 0.3943889 0.8717394 0.3688805 0.7524922 0.9339085 0.7469645 0.9380145 0.7464011 0.9367735 0.7469645 0.9380145 0.7524922 0.9339085 0.7468296 0.9393864 0.7468296 0.9393864 0.7524922 0.9339085 0.7518428 0.9461751 0.9452561 0.3061268 0.9562404 0.2982016 0.9535537 0.3157718 0.9535537 0.3157718 0.9562404 0.2982016 0.962961 0.3121369 0.7693806 0.9368916 0.7733475 0.9446803 0.7654369 0.946207 0.9762697 0.9410127 0.9822015 0.9532411 0.9751039 0.9570574 0.364027 0.983984 0.3587022 0.9864553 0.3583116 0.9686703 0.3583116 0.9686703 0.3520365 0.9847686 0.3500669 0.9759755 0.9602181 0.9468892 0.9751039 0.9570574 0.9643861 0.9713545 0.9575102 0.9637564 0.9602181 0.9468892 0.9643861 0.9713545 0.3492739 0.9669061 0.3571825 0.957917 0.3583116 0.9686703 0.9704436 0.5526543 0.9881212 0.5600889 0.9782586 0.5595161 0.9641956 0.5600538 0.9704436 0.5526543 0.9782586 0.5595161 0.9668171 0.930162 0.9762697 0.9410127 0.9602181 0.9468892 0.7693806 0.9368916 0.7524922 0.9339085 0.7624035 0.9262496 0.7654369 0.946207 0.7524922 0.9339085 0.7693806 0.9368916 0.7611838 0.9215834 0.7524922 0.9339085 0.7517669 0.9274776 0.9774122 0.5188428 0.9802477 0.5332425 0.9697354 0.5364143 0.9279484 0.3369399 0.9281491 0.3538821 0.9149237 0.3484905 0.9697354 0.5364143 0.9802477 0.5332425 0.9704436 0.5526543 0.9194191 0.3286607 0.9149237 0.3484905 0.9064149 0.3386373 0.9279484 0.3369399 0.9149237 0.3484905 0.9194191 0.3286607 0.9149237 0.3484905 0.9266583 0.3618805 0.9038569 0.3694911 0.8878991 0.3566079 0.9038569 0.3694911 0.8890878 0.3794023 0.8927994 0.3411415 0.8878991 0.3566079 0.8745925 0.3660169 0.9149237 0.3484905 0.9038569 0.3694911 0.8878991 0.3566079 0.9011378 0.3331932 0.9064149 0.3386373 0.8927994 0.3411415 0.903947 0.331206 0.9064149 0.3386373 0.9011378 0.3331932 0.9149237 0.3484905 0.8878991 0.3566079 0.9064149 0.3386373 0.8878991 0.3566079 0.8927994 0.3411415 0.9064149 0.3386373 0.8832601 0.4194453 0.8724309 0.4106848 0.8730818 0.3943889 0.969953 0.9283283 0.9762697 0.9410127 0.9668171 0.930162 0.9096686 0.4119603 0.9266583 0.3618805 0.939355 0.397875 0.95567 0.517438 0.9697354 0.5364143 0.9543359 0.5315141 0.8832601 0.4194453 0.9096686 0.4119603 0.8957366 0.434471 0.8832601 0.4194453 0.8917391 0.3947551 0.89846 0.4112854 0.89846 0.4112854 0.9096686 0.4119603 0.8832601 0.4194453 0.9147971 0.3813642 0.9096686 0.4119603 0.8917391 0.3947551 0.8890878 0.3794023 0.8917391 0.3947551 0.8730818 0.3943889 0.9096686 0.4119603 0.89846 0.4112854 0.8917391 0.3947551 0.9147971 0.3813642 0.8917391 0.3947551 0.9038569 0.3694911 0.9038569 0.3694911 0.8917391 0.3947551 0.8890878 0.3794023 0.923065 0.3795 0.9096686 0.4119603 0.9147971 0.3813642 0.9096686 0.4119603 0.923065 0.3795 0.9266583 0.3618805 0.9266583 0.3618805 0.923065 0.3795 0.9038569 0.3694911 0.923065 0.3795 0.9147971 0.3813642 0.9038569 0.3694911 0.8878991 0.3566079 0.8890878 0.3794023 0.8730818 0.3943889 0.8917391 0.3947551 0.8832601 0.4194453 0.8730818 0.3943889 0.9488634 0.5618888 0.9543359 0.5315141 0.9704436 0.5526543 0.9096686 0.4119603 0.9261865 0.4168883 0.8957366 0.434471 0.9641956 0.5600538 0.9488634 0.5618888 0.9704436 0.5526543 0.9543359 0.5315141 0.9697354 0.5364143 0.9704436 0.5526543 0.9602181 0.9468892 0.9762697 0.9410127 0.9751039 0.9570574 0.9562404 0.2982016 0.9452561 0.3061268 0.9479425 0.2993924 0.9763104 0.03040373 0.9742067 0.02621066 0.9644303 0.01382887 0.9763104 0.03040373 0.9644303 0.01382887 0.9818932 0.01517486 0.9644303 0.01382887 0.9691705 0.005221605 0.9818932 0.01517486 0.9767491 0.4692357 0.9513904 0.4579856 0.9787419 0.4431704 0.9441885 0.4497134 0.9418646 0.4970948 0.9348887 0.4443035 0.9418646 0.4970948 0.921183 0.459844 0.9283628 0.4508693 0.9940864 0.4924913 0.9820951 0.4960462 0.9949827 0.4798116 0.1982817 0.9168745 0.2057598 0.918759 0.1998943 0.9342633 0.2057598 0.918759 0.2044689 0.9316887 0.1998943 0.9342633 0.980508 0.8616615 0.9675036 0.8573874 0.9744098 0.8503702 0.9675036 0.8573874 0.980508 0.8616615 0.9690385 0.86841 0.9439586 0.3080602 0.9452561 0.3061268 0.9535537 0.3157718 0.7654369 0.946207 0.7518428 0.9461751 0.7524922 0.9339085 0.7518428 0.9461751 0.7654369 0.946207 0.7538323 0.9595776 0.746685 0.9519173 0.7518428 0.9461751 0.7538323 0.9595776 0.2047376 0.4298044 0.2033552 0.4250809 0.2050511 0.4269871 0.7809278 0.5664006 0.7717466 0.5717192 0.7689513 0.5643767 0.7809278 0.5664006 0.7994222 0.5821308 0.7717466 0.5717192 0.7689513 0.5643767 0.769926 0.5557965 0.7809278 0.5664006 0.7809278 0.5664006 0.769926 0.5557965 0.7964678 0.5525545 0.7671082 0.5464093 0.7964678 0.5525545 0.769926 0.5557965 0.8700949 0.9862099 0.8728582 0.9550369 0.8853542 0.9892129 0.8962259 0.9858044 0.8728582 0.9550369 0.894347 0.9681625 0.8853542 0.9892129 0.8728582 0.9550369 0.8962259 0.9858044 0.7942886 0.5246313 0.7964678 0.5525545 0.7671082 0.5464093 0.2047376 0.4298044 0.2061555 0.4312689 0.2033552 0.4250809 0.769079 0.9560936 0.7654369 0.946207 0.7733475 0.9446803 0.7742952 0.951658 0.769079 0.9560936 0.7733475 0.9446803 0.3712446 0.9765337 0.3583116 0.9686703 0.3689356 0.9729502 0.9744098 0.8503702 0.9675036 0.8573874 0.9673568 0.8479744 0.9256532 0.5152165 0.9288817 0.5694409 0.9213673 0.5596067 0.4932912 0.8992018 0.4946666 0.9298465 0.4914156 0.8660885 0.4946666 0.9298465 0.4677909 0.9195817 0.4805988 0.872545 0.4593694 0.950419 0.4469855 0.9403455 0.4441524 0.9290617 0.4677909 0.9195817 0.4675489 0.9461347 0.4593694 0.950419 0.6744142 0.9761564 0.6795443 0.9849959 0.6765067 0.9929291 0.9515466 0.6098278 0.9472332 0.5991355 0.947291 0.5905011 0.7783905 0.8960569 0.7642092 0.8781913 0.779643 0.885147 0.9487814 0.5899912 0.9575402 0.5923183 0.9515466 0.6098278 0.9487814 0.5899912 0.9515466 0.6098278 0.947291 0.5905011 0.8563948 0.560834 0.8640593 0.5717142 0.856384 0.5702748 0.8606404 0.5659533 0.8640593 0.5717142 0.8563948 0.560834 0.7675712 0.8948848 0.7642092 0.8781913 0.7783905 0.8960569 0.7733213 0.8797368 0.7642092 0.8781913 0.7731271 0.8789089 0.9030974 0.286446 0.9011074 0.2841757 0.9032586 0.2842662 0.8548241 0.557276 0.8566358 0.5511813 0.8626504 0.5539491 0.9553209 0.6423955 0.9414573 0.6249446 0.9515466 0.6098278 0.8548241 0.557276 0.8626504 0.5539491 0.8602473 0.5594185 0.9139142 0.8732445 0.9204926 0.8815005 0.9131433 0.8795912 0.9194959 0.2052882 0.9291802 0.1882688 0.9273167 0.2113749 0.9414573 0.6249446 0.9392577 0.6179111 0.9515466 0.6098278 0.9553209 0.6423955 0.9477396 0.6476658 0.9414573 0.6249446 0.7203523 0.9541795 0.725067 0.948245 0.7312139 0.9507263 0.7109168 0.9597274 0.7201073 0.9601306 0.7116561 0.9748761 0.7010368 0.9744325 0.7116561 0.9748761 0.7102476 0.9897884 0.2821147 0.9828445 0.2773077 0.979753 0.2804101 0.9723098 0.2907826 0.9707023 0.2978712 0.9820406 0.2821147 0.9828445 0.7642092 0.8781913 0.7687366 0.8641238 0.7731271 0.8789089 0.9664008 0.2425285 0.9745098 0.2516639 0.9670079 0.2548999 0.2983707 0.9654073 0.3007439 0.9798288 0.2978712 0.9820406 0.7687366 0.8641238 0.761871 0.8491728 0.7791263 0.8493383 0.2907826 0.9707023 0.2983707 0.9654073 0.2978712 0.9820406 0.2907826 0.9707023 0.2969865 0.9551131 0.2983707 0.9654073 0.7791263 0.8493383 0.7762287 0.8625274 0.7687366 0.8641238 0.9273167 0.2113749 0.9516051 0.2163904 0.9430854 0.2200928 0.9745098 0.2516639 0.9775256 0.2291814 0.9863538 0.2458257 0.1107552 0.8899145 0.1106446 0.9524113 0.09381115 0.9298378 0.6943717 0.9671171 0.7116561 0.9748761 0.7010368 0.9744325 0.9702965 0.2698101 0.9614658 0.2748736 0.9670079 0.2548999 0.7203523 0.9541795 0.7312139 0.9507263 0.7312103 0.9546225 0.7201073 0.9601306 0.7203523 0.9541795 0.7216292 0.9597978 0.7571143 0.8804088 0.7522101 0.875327 0.7642092 0.8781913 0.9751872 0.2690257 0.9702965 0.2698101 0.9670079 0.2548999 0.7580345 0.8646938 0.7687366 0.8641238 0.7642092 0.8781913 0.8955057 0.2905503 0.9011074 0.2841757 0.9035534 0.2890942 0.9035534 0.2890942 0.9011074 0.2841757 0.9030974 0.286446 0.7209132 0.9742416 0.7116561 0.9748761 0.7227628 0.9639973 0.7227628 0.9639973 0.7116561 0.9748761 0.7201073 0.9601306 0.7102476 0.9897884 0.7262226 0.9878434 0.7198348 0.992725 0.7116561 0.9748761 0.7262226 0.9878434 0.7102476 0.9897884 0.7760134 0.9072178 0.7714642 0.9131662 0.7649561 0.9005112 0.9080806 0.8935675 0.9145632 0.903234 0.9059601 0.9026718 0.9953481 0.2556297 0.9863538 0.2458257 0.9931015 0.2457723 0.9907075 0.2698271 0.9745098 0.2516639 0.9863538 0.2458257 0.9751872 0.2690257 0.9670079 0.2548999 0.9745098 0.2516639 0.7580345 0.8646938 0.761871 0.8491728 0.7687366 0.8641238 0.7580345 0.8646938 0.7509018 0.850211 0.761871 0.8491728 0.9907075 0.2698271 0.9751872 0.2690257 0.9745098 0.2516639 0.9953481 0.2556297 0.9907075 0.2698271 0.9863538 0.2458257 0.9070917 0.9367915 0.9331137 0.946933 0.909157 0.9454197 0.916404 0.1703156 0.9271 0.1512227 0.9453871 0.1751759 0.916404 0.1703156 0.9453871 0.1751759 0.9291802 0.1882688 0.9291802 0.1882688 0.9453871 0.1751759 0.9525036 0.1956327 0.9453871 0.1751759 0.9532817 0.1731809 0.9574177 0.1744355 0.9453871 0.1751759 0.9574177 0.1744355 0.9525036 0.1956327 0.947355 0.929116 0.9331137 0.946933 0.9310645 0.923812 0.9525968 0.9124028 0.9310645 0.923812 0.9423924 0.9021182 0.9310645 0.923812 0.9081347 0.9188658 0.9145632 0.903234 0.9308586 0.8970306 0.9309522 0.9093967 0.9310645 0.923812 0.9308586 0.8970306 0.9310645 0.923812 0.9145632 0.903234 0.6791383 0.9504362 0.6833347 0.948396 0.6733413 0.9610177 0.6791383 0.9504362 0.6829524 0.9475426 0.6833347 0.948396 0.9564372 0.2417593 0.9541529 0.2525542 0.9536315 0.2475926 0.9559233 0.2672799 0.9541529 0.2525542 0.9564372 0.2417593 0.9145632 0.903234 0.9113578 0.8861688 0.9125367 0.8823122 0.9145632 0.903234 0.9104596 0.8888152 0.9113578 0.8861688 0.9204926 0.8815005 0.9125367 0.8823122 0.9131433 0.8795912 0.991779 0.2408447 0.9863538 0.2458257 0.9871932 0.2312216 0.9414799 0.8830371 0.9423924 0.9021182 0.9308586 0.8970306 0.9309522 0.9093967 0.9423924 0.9021182 0.9310645 0.923812 0.9308586 0.8970306 0.9423924 0.9021182 0.9309522 0.9093967 0.9574177 0.1744355 0.9670508 0.1768051 0.9525036 0.1956327 0.9271 0.1512227 0.9574177 0.1744355 0.9532817 0.1731809 0.9271 0.1512227 0.9532817 0.1731809 0.9453871 0.1751759 0.9308586 0.8970306 0.9145632 0.903234 0.9204926 0.8815005 0.9204926 0.8815005 0.9314985 0.8806788 0.9308586 0.8970306 0.9145632 0.903234 0.9080806 0.8935675 0.9104596 0.8888152 0.9204926 0.8815005 0.9145632 0.903234 0.9125367 0.8823122 0.9070917 0.9367915 0.9310645 0.923812 0.9331137 0.946933 0.9081347 0.9188658 0.9310645 0.923812 0.9070917 0.9367915 0.9145632 0.903234 0.9081347 0.9188658 0.9059601 0.9026718 0.7209132 0.9742416 0.7262226 0.9878434 0.7116561 0.9748761 0.7783905 0.8960569 0.7760134 0.9072178 0.7649561 0.9005112 0.9063339 0.289363 0.9050069 0.3016589 0.9035534 0.2890942 0.6547558 0.3039417 0.6408867 0.3148191 0.6138757 0.3113597 0.3279017 0.9862557 0.3351779 0.9586007 0.3398914 0.9687254 0.6166586 0.2762038 0.6344277 0.2840719 0.6109299 0.2930567 0.6344277 0.2840719 0.6547558 0.3039417 0.6138757 0.3113597 0.6109299 0.2930567 0.6344277 0.2840719 0.6138757 0.3113597 0.9050069 0.3016589 0.8955057 0.2905503 0.9035534 0.2890942 0.7203523 0.9541795 0.7312103 0.9546225 0.7216292 0.9597978 0.9727491 0.08241778 0.9709201 0.05634295 0.9795473 0.08222907 0.1106446 0.9524113 0.1107552 0.8899145 0.115485 0.9590637 0.09980422 0.9596526 0.09381115 0.9298378 0.1106446 0.9524113 0.9670079 0.2548999 0.9614658 0.2748736 0.9559233 0.2672799 0.9564372 0.2417593 0.9664008 0.2425285 0.9670079 0.2548999 0.9670079 0.2548999 0.9559233 0.2672799 0.9564372 0.2417593 0.9863538 0.2458257 0.9801566 0.2289099 0.9871932 0.2312216 0.9291802 0.1882688 0.9516051 0.2163904 0.9273167 0.2113749 0.9291802 0.1882688 0.9525036 0.1956327 0.9516051 0.2163904 0.2907826 0.9707023 0.2821147 0.9828445 0.2804101 0.9723098 0.8547766 0.5592929 0.8548241 0.557276 0.8602473 0.5594185 0.8563948 0.560834 0.8547766 0.5592929 0.8602473 0.5594185 0.6733413 0.9610177 0.6841654 0.9661124 0.6756355 0.9730361 0.6812791 0.9847407 0.6795443 0.9849959 0.6744142 0.9761564 0.4677909 0.9195817 0.4441524 0.9290617 0.4437977 0.8996127 0.4677909 0.9195817 0.4593694 0.950419 0.4441524 0.9290617</float_array>
          <technique_common>
            <accessor source="#root_0-mesh-map-0-array" count="2994" stride="2">
              <param name="S" type="float"/>
              <param name="T" type="float"/>
            </accessor>
          </technique_common>
        </source>
        <vertices id="root_0-mesh-vertices">
          <input semantic="POSITION" source="#root_0-mesh-positions"/>
        </vertices>
        <triangles count="998">
          <input semantic="VERTEX" source="#root_0-mesh-vertices" offset="0"/>
          <input semantic="NORMAL" source="#root_0-mesh-normals" offset="1"/>
          <input semantic="TEXCOORD" source="#root_0-mesh-map-0" offset="2" set="0"/>
          <p>151 0 0 147 1 1 140 2 2 8 3 3 6 4 4 7 5 5 6 4 6 8 3 7 9 6 8 7 5 9 6 4 10 11 7 11 11 7 12 6 4 13 9 6 14 7 5 15 11 7 16 12 8 17 8 3 18 7 5 19 9 6 20 9 6 21 7 5 22 10 9 23 11 7 24 9 6 25 16 10 26 16 10 27 9 6 28 10 9 29 12 8 30 11 7 31 13 11 32 16 10 33 10 9 34 17 12 35 10 9 36 7 5 37 12 8 38 13 11 39 11 7 40 16 10 41 16 10 42 17 12 43 14 13 44 12 8 45 13 11 46 15 14 47 10 9 48 12 8 49 15 14 50 18 15 51 14 13 52 17 12 53 15 14 54 13 11 55 152 16 56 140 2 57 13 11 58 16 10 59 94 17 60 21 18 61 19 19 62 19 19 63 22 20 64 20 21 65 22 20 66 23 22 67 93 23 68 30 24 69 27 25 70 28 26 71 35 27 72 28 26 73 27 25 74 29 28 75 26 29 76 34 30 77 26 29 78 29 28 79 32 31 80 26 29 81 27 25 82 30 24 83 31 32 84 28 26 85 35 27 86 35 27 87 27 25 88 26 29 89 36 33 90 26 29 91 30 24 92 38 34 93 29 28 94 33 35 95 34 30 96 26 29 97 36 33 98 31 32 99 35 27 100 37 36 101 26 29 102 32 31 103 39 37 104 28 26 105 31 32 106 37 36 107 32 31 108 29 28 109 38 34 110 26 29 111 39 37 112 35 27 113 32 31 114 38 34 115 41 38 116 30 24 117 28 26 118 37 36 119 37 36 120 35 27 121 39 37 122 29 28 123 34 30 124 45 39 125 40 40 126 30 24 127 37 36 128 37 36 129 39 37 130 40 40 131 30 24 132 40 40 133 36 33 134 41 38 135 46 41 136 32 31 137 45 39 138 33 35 139 29 28 140 39 37 141 32 31 142 46 41 143 38 34 144 33 35 145 42 42 146 42 42 147 33 35 148 44 43 149 40 40 150 39 37 151 43 44 152 34 30 153 36 33 154 43 44 155 43 44 156 36 33 157 40 40 158 39 37 159 46 41 160 43 44 161 50 45 162 43 44 163 46 41 164 41 38 165 38 34 166 51 46 167 47 47 168 34 30 169 43 44 170 51 46 171 38 34 172 42 42 173 49 48 174 45 39 175 34 30 176 44 43 177 33 35 178 48 49 179 49 48 180 34 30 181 47 47 182 33 35 183 45 39 184 48 49 185 53 50 186 45 39 187 49 48 188 43 44 189 50 45 190 52 51 191 48 49 192 45 39 193 53 50 194 43 44 195 52 51 196 47 47 197 50 45 198 46 41 199 55 52 200 54 53 201 46 41 202 41 38 203 55 52 204 46 41 205 54 53 206 57 54 207 54 53 208 41 38 209 48 49 210 53 50 211 61 55 212 42 42 213 44 43 214 56 56 215 60 57 216 52 51 217 50 45 218 57 54 219 41 38 220 51 46 221 50 45 222 55 52 223 60 57 224 49 48 225 47 47 226 59 58 227 58 59 228 47 47 229 52 51 230 59 58 231 47 47 232 58 59 233 63 60 234 48 49 235 61 55 236 58 59 237 52 51 238 60 57 239 42 42 240 56 56 241 62 61 242 62 61 243 51 46 244 42 42 245 44 43 246 48 49 247 64 62 248 61 55 249 53 50 250 68 63 251 64 62 252 48 49 253 63 60 254 57 54 255 65 64 256 54 53 257 51 46 258 62 61 259 66 65 260 67 66 261 57 54 262 51 46 263 64 62 264 56 56 265 44 43 266 99 67 267 49 48 268 59 58 269 62 61 270 56 56 271 25 68 272 51 46 273 66 65 274 67 66 275 68 63 276 53 50 277 49 48 278 69 69 279 99 67 280 59 58 281 89 70 282 25 68 283 56 56 284 89 70 285 56 56 286 64 62 287 57 54 288 67 66 289 65 64 290 73 71 291 71 72 292 75 73 293 71 72 294 74 74 295 72 75 296 71 72 297 72 75 298 75 73 299 76 76 300 74 74 301 71 72 302 71 72 303 73 71 304 76 76 305 77 77 306 74 74 307 76 76 308 75 73 309 72 75 310 76 76 311 74 74 312 79 78 313 72 75 314 73 71 315 75 73 316 76 76 317 76 76 318 72 75 319 78 79 320 78 79 321 77 77 322 76 76 323 74 74 324 77 77 325 79 78 326 78 79 327 72 75 328 81 80 329 82 81 330 79 78 331 77 77 332 79 78 333 83 82 334 72 75 335 84 83 336 77 77 337 78 79 338 78 79 339 81 80 340 84 83 341 81 80 342 72 75 343 83 82 344 83 82 345 79 78 346 82 81 347 82 81 348 77 77 349 80 84 350 80 84 351 77 77 352 84 83 353 83 82 354 82 81 355 85 85 356 82 81 357 80 84 358 85 85 359 84 83 360 81 80 361 88 86 362 83 82 363 85 85 364 70 87 365 81 80 366 83 82 367 70 87 368 85 85 369 86 88 370 70 87 371 25 68 372 24 89 373 62 61 374 86 88 375 85 85 376 80 84 377 87 90 378 81 80 379 70 87 380 89 70 381 64 62 382 90 91 383 69 69 384 59 58 385 58 59 386 66 65 387 62 61 388 24 89 389 70 87 390 86 88 391 25 68 392 61 55 393 68 63 394 63 60 395 70 87 396 25 68 397 89 70 398 87 90 399 70 87 400 89 70 401 63 60 402 90 91 403 64 62 404 68 63 405 49 48 406 99 67 407 25 68 408 86 88 409 23 22 410 91 92 411 89 70 412 95 93 413 92 94 414 24 89 415 25 68 416 80 84 417 84 83 418 88 86 419 81 80 420 87 90 421 88 86 422 92 94 423 25 68 424 23 22 425 87 90 426 89 70 427 91 92 428 22 20 429 19 19 430 21 18 431 20 21 432 22 20 433 93 23 434 93 23 435 23 22 436 88 86 437 104 95 438 60 57 439 55 52 440 91 92 441 95 93 442 96 96 443 86 88 444 80 84 445 23 22 446 94 17 447 19 19 448 137 97 449 19 19 450 20 21 451 137 97 452 66 65 453 24 89 454 102 98 455 88 86 456 87 90 457 91 92 458 96 96 459 95 93 460 100 99 461 67 66 462 66 65 463 102 98 464 104 95 465 55 52 466 54 53 467 103 100 468 92 94 469 23 22 470 92 94 471 98 101 472 101 102 473 80 84 474 88 86 475 23 22 476 90 91 477 63 60 478 130 103 479 60 57 480 97 104 481 58 59 482 104 95 483 54 53 484 65 64 485 92 94 486 103 100 487 98 101 488 107 105 489 100 99 490 95 93 491 96 96 492 100 99 493 124 106 494 95 93 495 89 70 496 107 105 497 23 22 498 22 20 499 105 107 500 93 23 501 88 86 502 91 92 503 68 63 504 99 67 505 146 108 506 21 18 507 94 17 508 135 109 509 137 97 510 20 21 511 93 23 512 107 105 513 89 70 514 90 91 515 22 20 516 21 18 517 108 110 518 124 106 519 100 99 520 107 105 521 92 94 522 106 111 523 102 98 524 65 64 525 67 66 526 142 112 527 102 98 528 24 89 529 92 94 530 101 102 531 98 101 532 125 113 533 103 100 534 23 22 535 105 107 536 112 114 537 110 115 538 111 116 539 110 115 540 109 117 541 111 116 542 113 118 543 110 115 544 112 114 545 109 117 546 110 115 547 113 118 548 114 119 549 109 117 550 117 120 551 118 121 552 112 114 553 114 119 554 112 114 555 111 116 556 114 119 557 118 121 558 113 118 559 112 114 560 111 116 561 109 117 562 114 119 563 114 119 564 117 120 565 116 122 566 115 123 567 109 117 568 113 118 569 109 117 570 115 123 571 117 120 572 118 121 573 114 119 574 120 124 575 114 119 576 116 122 577 120 124 578 115 123 579 113 118 580 122 125 581 113 118 582 119 126 583 122 125 584 119 126 585 113 118 586 118 121 587 115 123 588 121 127 589 117 120 590 121 127 591 115 123 592 122 125 593 119 126 594 118 121 595 120 124 596 122 125 597 119 126 598 148 128 599 116 122 600 117 120 601 121 127 602 92 94 603 101 102 604 106 111 605 124 106 606 91 92 607 96 96 608 58 59 609 97 104 610 69 69 611 93 23 612 91 92 613 107 105 614 63 60 615 68 63 616 146 108 617 108 110 618 21 18 619 127 129 620 91 92 621 124 106 622 107 105 623 101 102 624 125 113 625 106 111 626 128 130 627 90 91 628 129 131 629 125 113 630 98 101 631 103 100 632 97 104 633 60 57 634 104 95 635 148 128 636 121 127 637 122 125 638 105 107 639 22 20 640 108 110 641 121 127 642 126 132 643 123 133 644 125 113 645 103 100 646 106 111 647 132 134 648 137 97 649 93 23 650 142 112 651 67 66 652 102 98 653 102 98 654 123 133 655 126 132 656 119 126 657 120 124 658 131 135 659 127 129 660 21 18 661 139 136 662 132 134 663 93 23 664 107 105 665 106 111 666 103 100 667 105 107 668 126 132 669 121 127 670 148 128 671 135 109 672 94 17 673 137 97 674 129 131 675 90 91 676 130 103 677 149 137 678 102 98 679 106 111 680 104 95 681 65 64 682 158 138 683 142 112 684 102 98 685 126 132 686 106 111 687 105 107 688 149 137 689 128 130 690 129 131 691 133 139 692 120 124 693 116 122 694 123 133 695 123 133 696 116 122 697 121 127 698 136 140 699 133 139 700 129 131 701 14 13 702 18 15 703 151 0 704 18 15 705 10 9 706 152 16 707 130 103 708 63 60 709 146 108 710 135 109 711 137 97 712 134 141 713 90 91 714 132 134 715 107 105 716 152 16 717 10 9 718 15 14 719 5 142 720 128 130 721 133 139 722 138 143 723 21 18 724 135 109 725 142 112 726 126 132 727 148 128 728 17 12 729 10 9 730 18 15 731 158 138 732 65 64 733 141 144 734 149 137 735 105 107 736 108 110 737 21 18 738 153 145 739 139 136 740 134 141 741 137 97 742 132 134 743 132 134 744 90 91 745 128 130 746 18 15 747 152 16 748 143 146 749 69 69 750 97 104 751 176 147 752 65 64 753 142 112 754 141 144 755 104 95 756 144 148 757 97 104 758 140 2 759 129 131 760 13 11 761 102 98 762 149 137 763 123 133 764 134 141 765 132 134 766 150 149 767 13 11 768 130 103 769 146 108 770 136 140 771 129 131 772 147 1 773 129 131 774 130 103 775 13 11 776 145 150 777 99 67 778 69 69 779 150 149 780 132 134 781 128 130 782 131 135 783 120 124 784 123 133 785 5 142 786 136 140 787 128 130 788 133 139 789 136 140 790 5 142 791 150 149 792 128 130 793 147 1 794 128 130 795 136 140 796 147 1 797 108 110 798 127 129 799 154 151 800 135 109 801 134 141 802 138 143 803 141 144 804 142 112 805 148 128 806 21 18 807 138 143 808 153 145 809 129 131 810 140 2 811 147 1 812 140 2 813 16 10 814 14 13 815 138 143 816 134 141 817 155 152 818 154 151 819 127 129 820 139 136 821 152 16 822 13 11 823 143 146 824 13 11 825 146 108 826 143 146 827 159 153 828 141 144 829 148 128 830 123 133 831 149 137 832 131 135 833 148 128 834 119 126 835 131 135 836 149 137 837 108 110 838 156 154 839 149 137 840 156 154 841 131 135 842 108 110 843 154 151 844 156 154 845 157 155 846 139 136 847 153 145 848 97 104 849 144 148 850 176 147 851 159 153 852 160 156 853 3 157 854 134 141 855 161 158 856 155 152 857 134 141 858 150 149 859 161 158 860 151 0 861 140 2 862 14 13 863 141 144 864 159 153 865 4 159 866 4 159 867 159 153 868 3 157 869 131 135 870 159 153 871 148 128 872 150 149 873 147 1 874 151 0 875 153 145 876 138 143 877 169 160 878 138 143 879 155 152 880 169 160 881 161 158 882 150 149 883 151 0 884 146 108 885 99 67 886 145 150 887 131 135 888 156 154 889 159 153 890 104 95 891 158 138 892 144 148 893 158 138 894 141 144 895 4 159 896 139 136 897 157 155 898 164 161 899 162 162 900 3 157 901 160 156 902 163 163 903 3 157 904 162 162 905 4 159 906 3 157 907 163 163 908 162 162 909 160 156 910 159 153 911 154 151 912 139 136 913 164 161 914 165 164 915 157 155 916 153 145 917 167 165 918 161 158 919 146 108 920 18 15 921 143 146 922 146 108 923 4 159 924 163 163 925 158 138 926 69 69 927 176 147 928 145 150 929 162 162 930 159 153 931 163 163 932 167 165 933 146 108 934 145 150 935 156 154 936 154 151 937 171 166 938 151 0 939 18 15 940 161 158 941 164 161 942 157 155 943 165 164 944 159 153 945 156 154 946 163 163 947 163 163 948 156 154 949 171 166 950 153 145 951 169 160 952 165 164 953 155 152 954 161 158 955 169 160 956 158 138 957 163 163 958 171 166 959 167 165 960 2 167 961 170 168 962 1 169 963 170 168 964 2 167 965 145 150 966 176 147 967 177 170 968 171 166 969 154 151 970 164 161 971 167 165 972 145 150 973 2 167 974 18 15 975 146 108 976 161 158 977 177 170 978 2 167 979 145 150 980 169 160 981 161 158 982 166 171 983 174 172 984 144 148 985 158 138 986 168 173 987 144 148 988 174 172 989 164 161 990 165 164 991 173 174 992 172 175 993 170 168 994 1 169 995 174 172 996 158 138 997 171 166 998 168 173 999 174 172 1000 175 176 1001 176 147 1002 144 148 1003 181 177 1004 166 171 1005 161 158 1006 167 165 1007 168 173 1008 175 176 1009 178 178 1010 175 176 1011 174 172 1012 178 178 1013 171 166 1014 164 161 1015 173 174 1016 1 169 1017 2 167 1018 172 175 1019 167 165 1020 170 168 1021 177 170 1022 173 174 1023 165 164 1024 169 160 1025 177 170 1026 172 175 1027 2 167 1028 173 174 1029 174 172 1030 171 166 1031 166 171 1032 167 165 1033 177 170 1034 176 147 1035 181 177 1036 180 179 1037 170 168 1038 172 175 1039 177 170 1040 169 160 1041 166 171 1042 173 174 1043 0 180 1044 177 170 1045 176 147 1046 168 173 1047 178 178 1048 179 181 1049 168 173 1050 179 181 1051 144 148 1052 179 181 1053 178 178 1054 174 172 1055 173 174 1056 179 181 1057 174 172 1058 166 171 1059 177 170 1060 0 180 1061 0 180 1062 176 147 1063 180 179 1064 166 171 1065 0 180 1066 185 182 1067 180 179 1068 181 177 1069 184 183 1070 173 174 1071 166 171 1072 185 182 1073 181 177 1074 144 148 1075 179 181 1076 182 184 1077 179 181 1078 173 174 1079 181 177 1080 179 181 1081 182 184 1082 182 184 1083 173 174 1084 185 182 1085 183 185 1086 180 179 1087 184 183 1088 181 177 1089 182 184 1090 184 183 1091 185 182 1092 0 180 1093 186 186 1094 189 187 1095 182 184 1096 185 182 1097 180 179 1098 183 185 1099 0 180 1100 187 188 1101 182 184 1102 189 187 1103 187 188 1104 184 183 1105 182 184 1106 188 189 1107 183 185 1108 184 183 1109 189 187 1110 185 182 1111 186 186 1112 186 186 1113 0 180 1114 183 185 1115 186 186 1116 183 185 1117 191 190 1118 190 191 1119 183 185 1120 188 189 1121 188 189 1122 184 183 1123 193 192 1124 187 188 1125 193 192 1126 184 183 1127 193 192 1128 190 191 1129 188 189 1130 183 185 1131 190 191 1132 191 190 1133 192 193 1134 193 192 1135 187 188 1136 189 187 1137 186 186 1138 191 190 1139 192 193 1140 187 188 1141 189 187 1142 192 193 1143 189 187 1144 191 190 1145 190 191 1146 193 192 1147 196 194 1148 191 190 1149 190 191 1150 196 194 1151 192 193 1152 191 190 1153 194 195 1154 194 195 1155 191 190 1156 196 194 1157 195 196 1158 196 194 1159 193 192 1160 192 193 1161 194 195 1162 197 197 1163 197 197 1164 194 195 1165 196 194 1166 193 192 1167 192 193 1168 195 196 1169 196 194 1170 195 196 1171 197 197 1172 195 196 1173 192 193 1174 197 197 1175 201 198 1176 198 199 1177 199 200 1178 199 200 1179 206 201 1180 200 202 1181 198 199 1182 201 198 1183 248 203 1184 198 199 1185 248 203 1186 202 204 1187 202 204 1188 214 205 1189 215 206 1190 202 204 1191 215 206 1192 198 199 1193 215 206 1194 199 200 1195 198 199 1196 204 207 1197 203 208 1198 200 202 1199 206 201 1200 254 209 1201 204 207 1202 204 207 1203 205 210 1204 203 208 1205 215 206 1206 207 211 1207 206 201 1208 207 211 1209 256 212 1210 206 201 1211 207 211 1212 208 213 1213 256 212 1214 199 200 1215 215 206 1216 206 201 1217 209 214 1218 207 211 1219 215 206 1220 209 214 1221 208 213 1222 207 211 1223 211 215 1224 255 216 1225 210 217 1226 211 215 1227 210 217 1228 209 214 1229 205 210 1230 223 218 1231 203 208 1232 205 210 1233 221 219 1234 223 218 1235 212 220 1236 226 221 1237 253 222 1238 213 223 1239 240 224 1240 226 221 1241 226 221 1242 240 224 1243 248 203 1244 248 203 1245 227 225 1246 202 204 1247 227 225 1248 214 205 1249 202 204 1250 252 226 1251 213 223 1252 215 206 1253 214 205 1254 252 226 1255 215 206 1256 214 205 1257 227 225 1258 252 226 1259 234 227 1260 216 228 1261 233 229 1262 216 228 1263 218 230 1264 233 229 1265 213 223 1266 232 231 1267 215 206 1268 232 231 1269 217 232 1270 215 206 1271 209 214 1272 217 232 1273 211 215 1274 217 232 1275 219 233 1276 211 215 1277 233 229 1278 219 233 1279 217 232 1280 233 229 1281 218 230 1282 219 233 1283 211 215 1284 219 233 1285 220 234 1286 244 235 1287 221 219 1288 245 236 1289 245 236 1290 221 219 1291 205 210 1292 221 219 1293 222 237 1294 223 218 1295 222 237 1296 230 238 1297 224 239 1298 223 218 1299 222 237 1300 224 239 1301 249 240 1302 227 225 1303 248 203 1304 212 220 1305 213 223 1306 226 221 1307 229 241 1308 228 242 1309 212 220 1310 225 243 1311 229 241 1312 212 220 1313 224 239 1314 229 241 1315 225 243 1316 224 239 1317 231 244 1318 229 241 1319 231 244 1320 235 245 1321 229 241 1322 230 238 1323 231 244 1324 224 239 1325 218 230 1326 230 238 1327 222 237 1328 231 244 1329 239 246 1330 235 245 1331 230 238 1332 218 230 1333 216 228 1334 232 231 1335 250 247 1336 217 232 1337 250 247 1338 233 229 1339 217 232 1340 234 227 1341 239 246 1342 216 228 1343 234 227 1344 237 248 1345 239 246 1346 235 245 1347 239 246 1348 237 248 1349 235 245 1350 237 248 1351 238 249 1352 235 245 1353 238 249 1354 229 241 1355 238 249 1356 236 250 1357 228 242 1358 234 227 1359 236 250 1360 237 248 1361 238 249 1362 237 248 1363 236 250 1364 234 227 1365 228 242 1366 236 250 1367 240 224 1368 213 223 1369 241 251 1370 249 240 1371 241 251 1372 227 225 1373 227 225 1374 241 251 1375 251 252 1376 240 224 1377 241 251 1378 249 240 1379 212 220 1380 228 242 1381 213 223 1382 228 242 1383 234 227 1384 213 223 1385 231 244 1386 216 228 1387 239 246 1388 242 253 1389 222 237 1390 221 219 1391 243 254 1392 219 233 1393 218 230 1394 247 255 1395 221 219 1396 244 235 1397 220 234 1398 244 235 1399 245 236 1400 219 233 1401 246 256 1402 220 234 1403 221 219 1404 247 255 1405 242 253 1406 243 254 1407 218 230 1408 242 253 1409 246 256 1410 243 254 1411 242 253 1412 242 253 1413 247 255 1414 246 256 1415 243 254 1416 246 256 1417 219 233 1418 246 256 1419 247 255 1420 244 235 1421 246 256 1422 244 235 1423 220 234 1424 205 210 1425 220 234 1426 245 236 1427 242 253 1428 218 230 1429 222 237 1430 231 244 1431 230 238 1432 216 228 1433 229 241 1434 238 249 1435 228 242 1436 248 203 1437 240 224 1438 249 240 1439 211 215 1440 220 234 1441 205 210 1442 204 207 1443 211 215 1444 205 210 1445 209 214 1446 215 206 1447 217 232 1448 213 223 1449 250 247 1450 232 231 1451 213 223 1452 234 227 1453 250 247 1454 213 223 1455 251 252 1456 241 251 1457 251 252 1458 213 223 1459 252 226 1460 227 225 1461 251 252 1462 252 226 1463 234 227 1464 233 229 1465 250 247 1466 253 222 1467 248 203 1468 201 198 1469 200 202 1470 225 243 1471 201 198 1472 226 221 1473 248 203 1474 253 222 1475 225 243 1476 212 220 1477 253 222 1478 201 198 1479 225 243 1480 253 222 1481 203 208 1482 223 218 1483 200 202 1484 223 218 1485 224 239 1486 200 202 1487 224 239 1488 225 243 1489 200 202 1490 206 201 1491 256 212 1492 254 209 1493 254 209 1494 256 212 1495 210 217 1496 255 216 1497 211 215 1498 204 207 1499 208 213 1500 210 217 1501 256 212 1502 254 209 1503 255 216 1504 204 207 1505 210 217 1506 255 216 1507 254 209 1508 209 214 1509 210 217 1510 208 213 1511 204 207 1512 200 202 1513 206 201 1514 199 200 1515 200 202 1516 201 198 1517 258 257 1518 260 258 1519 257 259 1520 257 259 1521 259 260 1522 258 257 1523 260 258 1524 259 260 1525 257 259 1526 262 261 1527 258 257 1528 259 260 1529 258 257 1530 261 262 1531 260 258 1532 261 262 1533 259 260 1534 260 258 1535 264 263 1536 263 264 1537 284 265 1538 265 266 1539 268 267 1540 262 261 1541 274 268 1542 266 269 1543 262 261 1544 274 268 1545 265 266 1546 266 269 1547 265 266 1548 311 270 1549 281 271 1550 311 270 1551 262 261 1552 259 260 1553 261 262 1554 311 270 1555 259 260 1556 261 262 1557 268 267 1558 273 272 1559 274 268 1560 268 267 1561 261 262 1562 273 272 1563 266 269 1564 261 262 1565 267 273 1566 266 269 1567 273 272 1568 258 257 1569 262 261 1570 261 262 1571 261 262 1572 262 261 1573 267 273 1574 262 261 1575 266 269 1576 267 273 1577 261 262 1578 293 274 1579 311 270 1580 266 269 1581 275 275 1582 261 262 1583 269 276 1584 293 274 1585 275 275 1586 269 276 1587 294 277 1588 293 274 1589 290 278 1590 276 279 1591 275 275 1592 290 278 1593 275 275 1594 266 269 1595 270 280 1596 290 278 1597 272 281 1598 272 281 1599 290 278 1600 281 271 1601 266 269 1602 265 266 1603 290 278 1604 265 266 1605 281 271 1606 290 278 1607 273 272 1608 283 282 1609 274 268 1610 274 268 1611 261 262 1612 267 273 1613 272 281 1614 273 272 1615 276 279 1616 276 279 1617 271 283 1618 272 281 1619 275 275 1620 276 279 1621 273 272 1622 271 283 1623 269 276 1624 277 284 1625 291 285 1626 294 277 1627 277 284 1628 279 286 1629 295 287 1630 286 288 1631 280 289 1632 278 290 1633 279 286 1634 279 286 1635 287 291 1636 280 289 1637 280 289 1638 287 291 1639 278 290 1640 281 271 1641 279 286 1642 278 290 1643 279 286 1644 281 271 1645 295 287 1646 282 292 1647 286 288 1648 288 293 1649 279 286 1650 282 292 1651 287 291 1652 286 288 1653 282 292 1654 279 286 1655 287 291 1656 282 292 1657 281 271 1658 278 290 1659 265 266 1660 283 282 1661 288 293 1662 287 291 1663 283 282 1664 263 264 1665 264 263 1666 265 266 1667 265 266 1668 285 294 1669 263 264 1670 285 294 1671 284 265 1672 263 264 1673 302 295 1674 285 294 1675 286 288 1676 286 288 1677 285 294 1678 287 291 1679 289 296 1680 283 282 1681 272 281 1682 281 271 1683 282 292 1684 289 296 1685 282 292 1686 270 280 1687 289 296 1688 270 280 1689 288 293 1690 289 296 1691 288 293 1692 270 280 1693 292 297 1694 276 279 1695 269 276 1696 271 283 1697 276 279 1698 294 277 1699 269 276 1700 295 287 1701 291 285 1702 290 278 1703 291 285 1704 292 297 1705 290 278 1706 271 283 1707 292 297 1708 270 280 1709 298 298 1710 293 274 1711 294 277 1712 291 285 1713 297 299 1714 294 277 1715 297 299 1716 296 300 1717 294 277 1718 295 287 1719 298 298 1720 291 285 1721 293 274 1722 298 298 1723 295 287 1724 298 298 1725 297 299 1726 291 285 1727 298 298 1728 296 300 1729 297 299 1730 294 277 1731 296 300 1732 298 298 1733 299 301 1734 300 302 1735 311 270 1736 293 274 1737 299 301 1738 311 270 1739 301 303 1740 281 271 1741 311 270 1742 311 270 1743 300 302 1744 301 303 1745 301 303 1746 300 302 1747 299 301 1748 281 271 1749 301 303 1750 293 274 1751 301 303 1752 299 301 1753 293 274 1754 295 287 1755 281 271 1756 293 274 1757 306 304 1758 302 295 1759 292 297 1760 292 297 1761 302 295 1762 286 288 1763 304 305 1764 309 306 1765 306 304 1766 305 307 1767 303 308 1768 304 305 1769 303 308 1770 309 306 1771 304 305 1772 269 276 1773 292 297 1774 277 284 1775 269 276 1776 304 305 1777 292 297 1778 304 305 1779 306 304 1780 292 297 1781 305 307 1782 269 276 1783 273 272 1784 273 272 1785 269 276 1786 275 275 1787 305 307 1788 304 305 1789 269 276 1790 264 263 1791 307 309 1792 268 267 1793 284 265 1794 308 310 1795 307 309 1796 268 267 1797 305 307 1798 273 272 1799 303 308 1800 305 307 1801 268 267 1802 307 309 1803 303 308 1804 268 267 1805 308 310 1806 310 311 1807 307 309 1808 307 309 1809 310 311 1810 309 306 1811 308 310 1812 309 306 1813 310 311 1814 307 309 1815 309 306 1816 303 308 1817 284 265 1818 309 306 1819 308 310 1820 264 263 1821 284 265 1822 307 309 1823 295 287 1824 292 297 1825 286 288 1826 306 304 1827 309 306 1828 302 295 1829 309 306 1830 285 294 1831 302 295 1832 309 306 1833 284 265 1834 285 294 1835 290 278 1836 282 292 1837 295 287 1838 292 297 1839 295 287 1840 288 293 1841 288 293 1842 295 287 1843 282 292 1844 271 283 1845 277 284 1846 290 278 1847 292 297 1848 271 283 1849 290 278 1850 277 284 1851 292 297 1852 291 285 1853 290 278 1854 277 284 1855 294 277 1856 276 279 1857 290 278 1858 294 277 1859 270 280 1860 282 292 1861 290 278 1862 281 271 1863 289 296 1864 272 281 1865 289 296 1866 288 293 1867 283 282 1868 283 282 1869 265 266 1870 274 268 1871 272 281 1872 283 282 1873 273 272 1874 287 291 1875 288 293 1876 286 288 1877 278 290 1878 287 291 1879 265 266 1880 265 266 1881 287 291 1882 285 294 1883 281 271 1884 278 290 1885 283 282 1886 283 282 1887 287 291 1888 281 271 1889 311 270 1890 265 266 1891 262 261 1892 267 273 1893 273 272 1894 274 268 1895 271 283 1896 270 280 1897 272 281 1898 261 262 1899 275 275 1900 293 274 1901 262 261 1902 268 267 1903 274 268 1904 265 266 1905 264 263 1906 268 267 1907 313 312 1908 314 313 1909 312 314 1910 313 312 1911 321 315 1912 314 313 1913 312 314 1914 321 315 1915 313 312 1916 321 315 1917 325 316 1918 314 313 1919 316 317 1920 315 318 1921 363 319 1922 343 320 1923 342 321 1924 357 322 1925 341 323 1926 345 324 1927 316 317 1928 317 325 1929 316 317 1930 325 316 1931 319 326 1932 318 327 1933 321 315 1934 320 328 1935 318 327 1936 319 326 1937 322 329 1938 363 319 1939 319 326 1940 319 326 1941 341 323 1942 316 317 1943 325 316 1944 363 319 1945 322 329 1946 325 316 1947 322 329 1948 320 328 1949 318 327 1950 320 328 1951 322 329 1952 363 319 1953 321 315 1954 320 328 1955 314 313 1956 320 328 1957 312 314 1958 325 316 1959 320 328 1960 314 313 1961 321 315 1962 312 314 1963 320 328 1964 318 327 1965 322 329 1966 354 330 1967 342 321 1968 324 331 1969 357 322 1970 342 321 1971 337 332 1972 324 331 1973 328 333 1974 327 334 1975 338 335 1976 338 335 1977 315 318 1978 316 317 1979 326 336 1980 338 335 1981 316 317 1982 316 317 1983 345 324 1984 346 337 1985 326 336 1986 322 329 1987 345 324 1988 317 325 1989 322 329 1990 316 317 1991 346 337 1992 322 329 1993 317 325 1994 354 330 1995 355 338 1996 353 339 1997 318 327 1998 323 340 1999 324 331 2000 323 340 2001 329 341 2002 324 331 2003 324 331 2004 329 341 2005 330 342 2006 336 343 2007 330 342 2008 352 344 2009 357 322 2010 334 345 2011 325 316 2012 325 316 2013 334 345 2014 332 346 2015 334 345 2016 333 347 2017 332 346 2018 334 345 2019 357 322 2020 335 348 2021 335 348 2022 333 347 2023 334 345 2024 333 347 2025 335 348 2026 325 316 2027 335 348 2028 358 349 2029 331 350 2030 358 349 2031 336 343 2032 331 350 2033 337 332 2034 336 343 2035 340 351 2036 338 335 2037 339 352 2038 330 342 2039 358 349 2040 339 352 2041 338 335 2042 340 351 2043 338 335 2044 331 350 2045 337 332 2046 340 351 2047 343 320 2048 343 320 2049 340 351 2050 342 321 2051 337 332 2052 343 320 2053 319 326 2054 315 318 2055 343 320 2056 357 322 2057 341 323 2058 343 320 2059 315 318 2060 357 322 2061 319 326 2062 321 315 2063 363 319 2064 357 322 2065 321 315 2066 344 353 2067 357 322 2068 325 316 2069 344 353 2070 325 316 2071 321 315 2072 318 327 2073 344 353 2074 321 315 2075 319 326 2076 357 322 2077 344 353 2078 344 353 2079 337 332 2080 319 326 2081 337 332 2082 344 353 2083 324 331 2084 341 323 2085 319 326 2086 343 320 2087 338 335 2088 330 342 2089 337 332 2090 342 321 2091 338 335 2092 337 332 2093 338 335 2094 342 321 2095 315 318 2096 335 348 2097 338 335 2098 327 334 2099 327 334 2100 326 336 2101 335 348 2102 331 350 2103 338 335 2104 335 348 2105 342 321 2106 340 351 2107 341 323 2108 315 318 2109 342 321 2110 341 323 2111 326 336 2112 345 324 2113 338 335 2114 322 329 2115 326 336 2116 328 333 2117 316 317 2118 346 337 2119 326 336 2120 335 348 2121 346 337 2122 317 325 2123 326 336 2124 346 337 2125 335 348 2126 346 337 2127 345 324 2128 322 329 2129 328 333 2130 345 324 2131 331 350 2132 331 350 2133 345 324 2134 340 351 2135 338 335 2136 345 324 2137 328 333 2138 328 333 2139 336 343 2140 348 354 2141 336 343 2142 328 333 2143 331 350 2144 336 343 2145 352 344 2146 348 354 2147 348 354 2148 347 355 2149 356 356 2150 351 357 2151 347 355 2152 348 354 2153 352 344 2154 351 357 2155 348 354 2156 347 355 2157 349 358 2158 353 339 2159 350 359 2160 349 358 2161 347 355 2162 347 355 2163 351 357 2164 350 359 2165 329 341 2166 351 357 2167 352 344 2168 353 339 2169 351 357 2170 323 340 2171 350 359 2172 351 357 2173 353 339 2174 351 357 2175 329 341 2176 323 340 2177 349 358 2178 350 359 2179 353 339 2180 356 356 2181 355 338 2182 354 330 2183 356 356 2184 354 330 2185 322 329 2186 347 355 2187 355 338 2188 356 356 2189 353 339 2190 355 338 2191 347 355 2192 348 354 2193 356 356 2194 328 333 2195 356 356 2196 322 329 2197 328 333 2198 345 324 2199 341 323 2200 340 351 2201 338 335 2202 340 351 2203 336 343 2204 357 322 2205 358 349 2206 335 348 2207 324 331 2208 330 342 2209 357 322 2210 330 342 2211 358 349 2212 357 322 2213 336 343 2214 358 349 2215 338 335 2216 330 342 2217 359 360 2218 358 349 2219 359 360 2220 339 352 2221 358 349 2222 359 360 2223 360 361 2224 339 352 2225 330 342 2226 360 361 2227 359 360 2228 339 352 2229 360 361 2230 330 342 2231 336 343 2232 337 332 2233 330 342 2234 325 316 2235 332 346 2236 333 347 2237 329 341 2238 352 344 2239 330 342 2240 319 326 2241 316 317 2242 322 329 2243 361 362 2244 362 363 2245 328 333 2246 326 336 2247 327 334 2248 361 362 2249 362 363 2250 361 362 2251 327 334 2252 328 333 2253 362 363 2254 327 334 2255 326 336 2256 361 362 2257 328 333 2258 324 331 2259 344 353 2260 318 327 2261 354 330 2262 323 340 2263 318 327 2264 354 330 2265 353 339 2266 323 340 2267 320 328 2268 319 326 2269 363 319 2270 335 348 2271 317 325 2272 325 316 2273 316 317 2274 363 319 2275 325 316 2276 315 318 2277 357 322 2278 363 319 2279 365 364 2280 364 365 2281 366 366 2282 366 366 2283 367 367 2284 365 364 2285 364 365 2286 376 368 2287 366 366 2288 366 366 2289 368 369 2290 367 367 2291 366 366 2292 376 368 2293 368 369 2294 367 367 2295 376 368 2296 364 365 2297 369 370 2298 367 367 2299 368 369 2300 387 371 2301 371 372 2302 369 370 2303 371 372 2304 393 373 2305 369 370 2306 405 374 2307 393 373 2308 371 372 2309 373 375 2310 371 372 2311 372 376 2312 372 376 2313 371 372 2314 370 377 2315 368 369 2316 372 376 2317 370 377 2318 376 368 2319 372 376 2320 368 369 2321 372 376 2322 409 378 2323 373 375 2324 409 378 2325 398 379 2326 373 375 2327 373 375 2328 384 380 2329 387 371 2330 384 380 2331 385 381 2332 367 367 2333 371 372 2334 367 367 2335 370 377 2336 371 372 2337 387 371 2338 367 367 2339 375 382 2340 369 370 2341 368 369 2342 379 383 2343 375 382 2344 382 384 2345 375 382 2346 376 368 2347 382 384 2348 379 383 2349 382 384 2350 377 385 2351 382 384 2352 380 386 2353 412 387 2354 382 384 2355 378 388 2356 383 389 2357 379 383 2358 383 389 2359 378 388 2360 376 368 2361 379 383 2362 409 378 2363 379 383 2364 377 385 2365 409 378 2366 377 385 2367 380 386 2368 409 378 2369 398 379 2370 409 378 2371 380 386 2372 380 386 2373 397 390 2374 398 379 2375 375 382 2376 381 391 2377 374 392 2378 374 392 2379 369 370 2380 375 382 2381 375 382 2382 396 393 2383 376 368 2384 396 393 2385 379 383 2386 376 368 2387 397 390 2388 412 387 2389 383 389 2390 412 387 2391 397 390 2392 382 384 2393 382 384 2394 397 390 2395 378 388 2396 388 394 2397 382 384 2398 384 380 2399 384 380 2400 382 384 2401 385 381 2402 385 381 2403 382 384 2404 381 391 2405 386 395 2406 373 375 2407 387 371 2408 387 371 2409 384 380 2410 367 367 2411 367 367 2412 385 381 2413 374 392 2414 385 381 2415 387 371 2416 369 370 2417 374 392 2418 385 381 2419 369 370 2420 382 384 2421 376 368 2422 367 367 2423 405 374 2424 371 372 2425 373 375 2426 386 395 2427 405 374 2428 373 375 2429 388 394 2430 386 395 2431 385 381 2432 385 381 2433 397 390 2434 388 394 2435 381 391 2436 397 390 2437 385 381 2438 388 394 2439 397 390 2440 380 386 2441 391 396 2442 390 397 2443 389 398 2444 390 397 2445 391 396 2446 392 399 2447 389 398 2448 390 397 2449 405 374 2450 405 374 2451 392 399 2452 393 373 2453 390 397 2454 392 399 2455 405 374 2456 392 399 2457 391 396 2458 394 400 2459 396 393 2460 394 400 2461 395 401 2462 368 369 2463 396 393 2464 375 382 2465 392 399 2466 394 400 2467 396 393 2468 370 377 2469 393 373 2470 368 369 2471 369 370 2472 393 373 2473 370 377 2474 392 399 2475 396 393 2476 393 373 2477 396 393 2478 368 369 2479 393 373 2480 397 390 2481 383 389 2482 379 383 2483 398 379 2484 386 395 2485 388 394 2486 400 402 2487 391 396 2488 389 398 2489 400 402 2490 389 398 2491 399 403 2492 397 390 2493 400 402 2494 398 379 2495 397 390 2496 402 404 2497 401 405 2498 401 405 2499 400 402 2500 397 390 2501 404 406 2502 400 402 2503 402 404 2504 395 401 2505 402 404 2506 379 383 2507 400 402 2508 401 405 2509 402 404 2510 404 406 2511 402 404 2512 394 400 2513 394 400 2514 402 404 2515 395 401 2516 403 407 2517 400 402 2518 404 406 2519 400 402 2520 403 407 2521 391 396 2522 391 396 2523 403 407 2524 394 400 2525 403 407 2526 404 406 2527 394 400 2528 396 393 2529 395 401 2530 379 383 2531 402 404 2532 397 390 2533 379 383 2534 398 379 2535 399 403 2536 405 374 2537 400 402 2538 399 403 2539 398 379 2540 386 395 2541 398 379 2542 405 374 2543 399 403 2544 389 398 2545 405 374 2546 385 381 2547 386 395 2548 387 371 2549 382 384 2550 388 394 2551 380 386 2552 398 379 2553 384 380 2554 406 408 2555 398 379 2556 406 408 2557 373 375 2558 406 408 2559 407 409 2560 373 375 2561 406 408 2562 408 410 2563 407 409 2564 407 409 2565 408 410 2566 384 380 2567 408 410 2568 406 408 2569 384 380 2570 373 375 2571 407 409 2572 384 380 2573 411 411 2574 410 412 2575 409 378 2576 410 412 2577 376 368 2578 409 378 2579 411 411 2580 372 376 2581 410 412 2582 372 376 2583 411 411 2584 409 378 2585 398 379 2586 388 394 2587 384 380 2588 381 391 2589 378 388 2590 397 390 2591 378 388 2592 381 391 2593 375 382 2594 379 383 2595 378 388 2596 375 382 2597 383 389 2598 377 385 2599 382 384 2600 413 413 2601 377 385 2602 412 387 2603 413 413 2604 415 414 2605 377 385 2606 412 387 2607 380 386 2608 413 413 2609 413 413 2610 380 386 2611 416 415 2612 377 385 2613 416 415 2614 380 386 2615 416 415 2616 414 416 2617 413 413 2618 415 414 2619 414 416 2620 416 415 2621 413 413 2622 414 416 2623 415 414 2624 415 414 2625 416 415 2626 377 385 2627 383 389 2628 412 387 2629 377 385 2630 374 392 2631 381 391 2632 382 384 2633 367 367 2634 374 392 2635 382 384 2636 370 377 2637 367 367 2638 369 370 2639 410 412 2640 372 376 2641 376 368 2642 365 364 2643 367 367 2644 364 365 2645 420 417 2646 418 418 2647 417 419 2648 418 418 2649 419 420 2650 417 419 2651 421 421 2652 418 418 2653 420 417 2654 419 420 2655 427 422 2656 421 421 2657 418 418 2658 427 422 2659 419 420 2660 425 423 2661 435 424 2662 418 418 2663 446 425 2664 441 426 2665 425 423 2666 421 421 2667 446 425 2668 425 423 2669 421 421 2670 425 423 2671 418 418 2672 462 427 2673 422 428 2674 444 429 2675 441 426 2676 422 428 2677 462 427 2678 422 428 2679 441 426 2680 446 425 2681 425 423 2682 441 426 2683 424 430 2684 423 431 2685 441 426 2686 462 427 2687 423 431 2688 440 432 2689 425 423 2690 440 432 2691 431 433 2692 425 423 2693 423 431 2694 425 423 2695 424 430 2696 438 434 2697 428 435 2698 427 422 2699 425 423 2700 429 436 2701 435 424 2702 431 433 2703 429 436 2704 425 423 2705 440 432 2706 451 437 2707 431 433 2708 423 431 2709 442 438 2710 432 439 2711 433 440 2712 440 432 2713 466 441 2714 464 442 2715 466 441 2716 446 425 2717 436 443 2718 438 434 2719 418 418 2720 435 424 2721 424 430 2722 436 443 2723 441 426 2724 436 443 2725 424 430 2726 436 443 2727 439 444 2728 434 445 2729 437 446 2730 462 427 2731 424 430 2732 436 443 2733 462 427 2734 437 446 2735 435 424 2736 437 446 2737 424 430 2738 435 424 2739 438 434 2740 437 446 2741 437 446 2742 439 444 2743 436 443 2744 435 424 2745 428 435 2746 438 434 2747 439 444 2748 437 446 2749 449 447 2750 465 448 2751 433 440 2752 463 449 2753 463 449 2754 466 441 2755 464 442 2756 441 426 2757 433 440 2758 434 445 2759 423 431 2760 432 439 2761 433 440 2762 440 432 2763 423 431 2764 444 429 2765 444 429 2766 433 440 2767 441 426 2768 442 438 2769 441 426 2770 434 445 2771 442 438 2772 436 443 2773 441 426 2774 444 429 2775 441 426 2776 443 450 2777 443 450 2778 441 426 2779 423 431 2780 422 428 2781 466 441 2782 444 429 2783 444 429 2784 466 441 2785 440 432 2786 446 425 2787 447 451 2788 445 452 2789 466 441 2790 447 451 2791 446 425 2792 445 452 2793 447 451 2794 422 428 2795 446 425 2796 448 453 2797 464 442 2798 464 442 2799 449 447 2800 453 454 2801 432 439 2802 439 444 2803 449 447 2804 442 438 2805 434 445 2806 439 444 2807 442 438 2808 462 427 2809 436 443 2810 442 438 2811 423 431 2812 462 427 2813 432 439 2814 442 438 2815 439 444 2816 464 442 2817 432 439 2818 449 447 2819 433 440 2820 451 437 2821 440 432 2822 431 433 2823 451 437 2824 430 455 2825 431 433 2826 430 455 2827 429 436 2828 429 436 2829 430 455 2830 454 456 2831 430 455 2832 456 457 2833 450 458 2834 430 455 2835 450 458 2836 454 456 2837 450 458 2838 451 437 2839 458 459 2840 450 458 2841 458 459 2842 455 460 2843 458 459 2844 432 439 2845 448 453 2846 457 461 2847 452 462 2848 458 459 2849 457 461 2850 458 459 2851 448 453 2852 426 463 2853 446 425 2854 427 422 2855 426 463 2856 453 454 2857 446 425 2858 438 434 2859 453 454 2860 426 463 2861 464 442 2862 453 454 2863 438 434 2864 448 453 2865 449 447 2866 426 463 2867 448 453 2868 453 454 2869 449 447 2870 428 435 2871 426 463 2872 427 422 2873 426 463 2874 449 447 2875 438 434 2876 454 456 2877 455 460 2878 457 461 2879 452 462 2880 455 460 2881 458 459 2882 457 461 2883 455 460 2884 452 462 2885 450 458 2886 455 460 2887 454 456 2888 451 437 2889 450 458 2890 456 457 2891 451 437 2892 456 457 2893 430 455 2894 457 461 2895 448 453 2896 428 435 2897 428 435 2898 454 456 2899 457 461 2900 448 453 2901 446 425 2902 453 454 2903 428 435 2904 448 453 2905 426 463 2906 433 440 2907 458 459 2908 451 437 2909 432 439 2910 458 459 2911 433 440 2912 448 453 2913 432 439 2914 464 442 2915 422 428 2916 447 451 2917 466 441 2918 446 425 2919 445 452 2920 422 428 2921 462 427 2922 460 464 2923 443 450 2924 461 465 2925 460 464 2926 462 427 2927 460 464 2928 461 465 2929 459 466 2930 460 464 2931 459 466 2932 444 429 2933 459 466 2934 461 465 2935 462 427 2936 444 429 2937 459 466 2938 462 427 2939 460 464 2940 444 429 2941 443 450 2942 423 431 2943 433 440 2944 444 429 2945 464 442 2946 465 448 2947 463 449 2948 433 440 2949 465 448 2950 464 442 2951 466 441 2952 463 449 2953 433 440 2954 434 445 2955 433 440 2956 464 442 2957 438 434 2958 436 443 2959 434 445 2960 434 445 2961 464 442 2962 438 434 2963 449 447 2964 437 446 2965 438 434 2966 429 436 2967 428 435 2968 435 424 2969 429 436 2970 454 456 2971 428 435 2972 435 424 2973 436 443 2974 418 418 2975 443 450 2976 423 431 2977 424 430 2978 462 427 2979 443 450 2980 424 430 2981 427 422 2982 446 425 2983 421 421 2984 438 434 2985 427 422 2986 418 418 2987 419 420 2988 420 417 2989 417 419 2990 419 420 2991 421 421 2992 420 417 2993</p>
        </triangles>
      </mesh>
    </geometry>
  </library_geometries>
  <library_visual_scenes>
    <visual_scene id="Scene" name="Scene">
      <node id="root_0" name="root.0" type="NODE">
        <matrix sid="transform">1 0 0 0 0 -4.37114e-8 -1 0 0 1 -4.37114e-8 0 0 0 0 1</matrix>
        <instance_geometry url="#root_0-mesh" name="root.0"/>
      </node>
    </visual_scene>
  </library_visual_scenes>
  <scene>
    <instance_visual_scene url="#Scene"/>
  </scene>
</COLLADA>